upc,title,category,price,currency,rating_1_to_5,in_stock,stock_count,source_url,scraped_at_utc
a897fe39b1053632,A Light in the Attic,Poetry,51.77,GBP,3,yes,22,https://books.toscrape.com/catalogue/a-light-in-the-attic_1000/index.html,2026-09-17T11:09:56Z
90fa61229261140a,Tipping the Velvet,Historical Fiction,53.74,GBP,1,yes,20,https://books.toscrape.com/catalogue/tipping-the-velvet_999/index.html,2026-09-17T11:09:57Z
6957f44c3847a760,Soumission,Fiction,50.1,GBP,1,yes,20,https://books.toscrape.com/catalogue/soumission_998/index.html,2026-09-17T11:09:58Z
e00eb4fd7b871a48,Sharp Objects,Mystery,47.82,GBP,4,yes,20,https://books.toscrape.com/catalogue/sharp-objects_997/index.html,2026-09-17T11:09:59Z
4165285e1663650f,Sapiens: A Brief History of Humankind,History,54.23,GBP,5,yes,20,https://books.toscrape.com/catalogue/sapiens-a-brief-history-of-humankind_996/index.html,2026-09-17T11:10:00Z
f77dbf2323deb740,The Requiem Red,Young Adult,22.65,GBP,1,yes,19,https://books.toscrape.com/catalogue/the-requiem-red_995/index.html,2026-09-17T11:10:01Z
2597b5a345f45e1b,The Dirty Little Secrets of Getting Your Dream Job,Business,33.34,GBP,4,yes,19,https://books.toscrape.com/catalogue/the-dirty-little-secrets-of-getting-your-dream-job_994/index.html,2026-09-17T11:10:03Z
e72a5dfc7e9267b2,"The Coming Woman: A Novel Based on the Life of the Infamous Feminist, Victoria Woodhull",Default,17.93,GBP,3,yes,19,https://books.toscrape.com/catalogue/the-coming-woman-a-novel-based-on-the-life-of-the-infamous-feminist-victoria-woodhull_993/index.html,2026-09-17T11:10:04Z
e10e1e165dc8be4a,The Boys in the Boat: Nine Americans and Their Epic Quest for Gold at the 1936 Berlin Olympics,Default,22.6,GBP,4,yes,19,https://books.toscrape.com/catalogue/the-boys-in-the-boat-nine-americans-and-their-epic-quest-for-gold-at-the-1936-berlin-olympics_992/index.html,2026-09-17T11:10:05Z
1dfe412b8ac00530,The Black Maria,Poetry,52.15,GBP,1,yes,19,https://books.toscrape.com/catalogue/the-black-maria_991/index.html,2026-09-17T11:10:06Z
0312262ecafa5a40,"Starving Hearts (Triangular Trade Trilogy, #1)",Default,13.99,GBP,2,yes,19,https://books.toscrape.com/catalogue/starving-hearts-triangular-trade-trilogy-1_990/index.html,2026-09-17T11:10:07Z
30a7f60cd76ca58c,Shakespeare's Sonnets,Poetry,20.66,GBP,4,yes,19,https://books.toscrape.com/catalogue/shakespeares-sonnets_989/index.html,2026-09-17T11:10:08Z
ce6396b0f23f6ecc,Set Me Free,Young Adult,17.46,GBP,5,yes,19,https://books.toscrape.com/catalogue/set-me-free_988/index.html,2026-09-17T11:10:09Z
3b1c02bac2a429e6,Scott Pilgrim's Precious Little Life (Scott Pilgrim #1),Sequential Art,52.29,GBP,5,yes,19,https://books.toscrape.com/catalogue/scott-pilgrims-precious-little-life-scott-pilgrim-1_987/index.html,2026-09-17T11:10:10Z
a34ba96d4081e6a4,Rip it Up and Start Again,Music,35.02,GBP,5,yes,19,https://books.toscrape.com/catalogue/rip-it-up-and-start-again_986/index.html,2026-09-17T11:10:12Z
deda3e61b9514b83,"Our Band Could Be Your Life: Scenes from the American Indie Underground, 1981-1991",Music,57.25,GBP,3,yes,19,https://books.toscrape.com/catalogue/our-band-could-be-your-life-scenes-from-the-american-indie-underground-1981-1991_985/index.html,2026-09-17T11:10:13Z
feb7cc7701ecf901,Olio,Poetry,23.88,GBP,1,yes,19,https://books.toscrape.com/catalogue/olio_984/index.html,2026-09-17T11:10:14Z
e30f54cea9b38190,Mesaerion: The Best Science Fiction Stories 1800-1849,Science Fiction,37.59,GBP,1,yes,19,https://books.toscrape.com/catalogue/mesaerion-the-best-science-fiction-stories-1800-1849_983/index.html,2026-09-17T11:10:15Z
a18a4f574854aced,Libertarianism for Beginners,Politics,51.33,GBP,2,yes,19,https://books.toscrape.com/catalogue/libertarianism-for-beginners_982/index.html,2026-09-17T11:10:16Z
a22124811bfa8350,It's Only the Himalayas,Travel,45.17,GBP,2,yes,19,https://books.toscrape.com/catalogue/its-only-the-himalayas_981/index.html,2026-09-17T11:10:17Z
23356462d1320d61,In Her Wake,Thriller,12.84,GBP,1,yes,19,https://books.toscrape.com/catalogue/in-her-wake_980/index.html,2026-09-17T11:10:20Z
327f68a59745c102,How Music Works,Music,37.32,GBP,2,yes,19,https://books.toscrape.com/catalogue/how-music-works_979/index.html,2026-09-17T11:10:21Z
5674a18a29a43ced,"Foolproof Preserving: A Guide to Small Batch Jams, Jellies, Pickles, Condiments, and More: A Foolproof Guide to Making Small Batch Jams, Jellies, Pickles, Condiments, and More",Food and Drink,30.52,GBP,3,yes,19,https://books.toscrape.com/catalogue/foolproof-preserving-a-guide-to-small-batch-jams-jellies-pickles-condiments-and-more-a-foolproof-guide-to-making-small-batch-jams-jellies-pickles-condiments-and-more_978/index.html,2026-09-17T11:10:22Z
c2e46a2ee3b4a322,Chase Me (Paris Nights #2),Romance,25.27,GBP,5,yes,19,https://books.toscrape.com/catalogue/chase-me-paris-nights-2_977/index.html,2026-09-17T11:10:23Z
00bfed9e18bb36f3,Black Dust,Romance,34.53,GBP,5,yes,19,https://books.toscrape.com/catalogue/black-dust_976/index.html,2026-09-17T11:10:24Z
9528d0948525bf5f,Birdsong: A Story in Pictures,Childrens,54.64,GBP,3,yes,19,https://books.toscrape.com/catalogue/birdsong-a-story-in-pictures_975/index.html,2026-09-17T11:10:25Z
c7d160c2c0de586f,America's Cradle of Quarterbacks: Western Pennsylvania's Football Factory from Johnny Unitas to Joe Montana,Default,22.5,GBP,3,yes,19,https://books.toscrape.com/catalogue/americas-cradle-of-quarterbacks-western-pennsylvanias-football-factory-from-johnny-unitas-to-joe-montana_974/index.html,2026-09-17T11:10:27Z
904208d6aa64b655,Aladdin and His Wonderful Lamp,Default,53.13,GBP,3,yes,19,https://books.toscrape.com/catalogue/aladdin-and-his-wonderful-lamp_973/index.html,2026-09-17T11:10:28Z
4c28def39d850cdf,Worlds Elsewhere: Journeys Around Shakespeare’s Globe,Nonfiction,40.3,GBP,5,yes,18,https://books.toscrape.com/catalogue/worlds-elsewhere-journeys-around-shakespeares-globe_972/index.html,2026-09-17T11:10:29Z
ccd9ffa25efabdea,Wall and Piece,Art,44.18,GBP,4,yes,18,https://books.toscrape.com/catalogue/wall-and-piece_971/index.html,2026-09-17T11:10:30Z
6258a1f6a6dcfe50,The Four Agreements: A Practical Guide to Personal Freedom,Spirituality,17.66,GBP,5,yes,18,https://books.toscrape.com/catalogue/the-four-agreements-a-practical-guide-to-personal-freedom_970/index.html,2026-09-17T11:10:31Z
3c039985229453bf,The Five Love Languages: How to Express Heartfelt Commitment to Your Mate,Nonfiction,31.05,GBP,3,yes,18,https://books.toscrape.com/catalogue/the-five-love-languages-how-to-express-heartfelt-commitment-to-your-mate_969/index.html,2026-09-17T11:10:32Z
5dada2b7be26bd03,The Elephant Tree,Thriller,23.82,GBP,5,yes,18,https://books.toscrape.com/catalogue/the-elephant-tree_968/index.html,2026-09-17T11:10:33Z
9f6568e9c95f60b0,The Bear and the Piano,Childrens,36.89,GBP,1,yes,18,https://books.toscrape.com/catalogue/the-bear-and-the-piano_967/index.html,2026-09-17T11:10:35Z
6be3beb0793a53e7,Sophie's World,Philosophy,15.94,GBP,5,yes,18,https://books.toscrape.com/catalogue/sophies-world_966/index.html,2026-09-17T11:10:36Z
668fe56b17cfcd4f,Penny Maybe,Default,33.29,GBP,3,yes,18,https://books.toscrape.com/catalogue/penny-maybe_965/index.html,2026-09-17T11:10:37Z
094b269567e1c300,Maude (1883-1993):She Grew Up with the country,Default,18.02,GBP,2,yes,18,https://books.toscrape.com/catalogue/maude-1883-1993she-grew-up-with-the-country_964/index.html,2026-09-17T11:10:38Z
19ed25f4641d5efd,"In a Dark, Dark Wood",Mystery,19.63,GBP,1,yes,18,https://books.toscrape.com/catalogue/in-a-dark-dark-wood_963/index.html,2026-09-17T11:10:39Z
be5cc846f45496fb,Behind Closed Doors,Thriller,52.22,GBP,4,yes,18,https://books.toscrape.com/catalogue/behind-closed-doors_962/index.html,2026-09-17T11:10:40Z
55f9da0c5eea2e10,You can't bury them all: Poems,Poetry,33.63,GBP,2,yes,17,https://books.toscrape.com/catalogue/you-cant-bury-them-all-poems_961/index.html,2026-09-17T11:10:41Z
b4fd5943413e089a,Slow States of Collapse: Poems,Poetry,57.31,GBP,3,yes,17,https://books.toscrape.com/catalogue/slow-states-of-collapse-poems_960/index.html,2026-09-17T11:10:44Z
c8f7f0cb1abb9cac,Reasons to Stay Alive,Nonfiction,26.41,GBP,2,yes,17,https://books.toscrape.com/catalogue/reasons-to-stay-alive_959/index.html,2026-09-17T11:10:45Z
b12b89017878a60d,Private Paris (Private #10),Fiction,47.61,GBP,5,yes,17,https://books.toscrape.com/catalogue/private-paris-private-10_958/index.html,2026-09-17T11:10:46Z
c27f6e1f185b0383,#HigherSelfie: Wake Up Your Life. Free Your Soul. Find Your Tribe.,Nonfiction,23.11,GBP,5,yes,17,https://books.toscrape.com/catalogue/higherselfie-wake-up-your-life-free-your-soul-find-your-tribe_957/index.html,2026-09-17T11:10:47Z
acddfeab2a407640,Without Borders (Wanderlove #1),New Adult,45.07,GBP,2,yes,16,https://books.toscrape.com/catalogue/without-borders-wanderlove-1_956/index.html,2026-09-17T11:10:48Z
3ecb690d1542c568,When We Collided,Contemporary,31.77,GBP,1,yes,16,https://books.toscrape.com/catalogue/when-we-collided_955/index.html,2026-09-17T11:10:50Z
8d455c7539795d2a,"We Love You, Charlie Freeman",Fiction,50.27,GBP,5,yes,16,https://books.toscrape.com/catalogue/we-love-you-charlie-freeman_954/index.html,2026-09-17T11:10:51Z
657fe5ead67a7767,Untitled Collection: Sabbath Poems 2014,Poetry,14.27,GBP,4,yes,16,https://books.toscrape.com/catalogue/untitled-collection-sabbath-poems-2014_953/index.html,2026-09-17T11:10:52Z
d170b5a0da46380e,"Unseen City: The Majesty of Pigeons, the Discreet Charm of Snails & Other Wonders of the Urban Wilderness",Nonfiction,44.18,GBP,4,yes,16,https://books.toscrape.com/catalogue/unseen-city-the-majesty-of-pigeons-the-discreet-charm-of-snails-other-wonders-of-the-urban-wilderness_952/index.html,2026-09-17T11:10:53Z
7ae099f3898e0209,Unicorn Tracks,Fantasy,18.78,GBP,3,yes,16,https://books.toscrape.com/catalogue/unicorn-tracks_951/index.html,2026-09-17T11:10:54Z
9a9d6e9bc555731e,"Unbound: How Eight Technologies Made Us Human, Transformed Society, and Brought Our World to the Brink",History,25.52,GBP,1,yes,16,https://books.toscrape.com/catalogue/unbound-how-eight-technologies-made-us-human-transformed-society-and-brought-our-world-to-the-brink_950/index.html,2026-09-17T11:10:55Z
09555be379ad9253,Tsubasa: WoRLD CHRoNiCLE 2 (Tsubasa WoRLD CHRoNiCLE #2),Sequential Art,16.28,GBP,1,yes,16,https://books.toscrape.com/catalogue/tsubasa-world-chronicle-2-tsubasa-world-chronicle-2_949/index.html,2026-09-17T11:10:56Z
7858914fad68493c,Throwing Rocks at the Google Bus: How Growth Became the Enemy of Prosperity,Nonfiction,31.12,GBP,3,yes,16,https://books.toscrape.com/catalogue/throwing-rocks-at-the-google-bus-how-growth-became-the-enemy-of-prosperity_948/index.html,2026-09-17T11:10:58Z
51653ef291ab7ddc,This One Summer,Sequential Art,19.49,GBP,4,yes,16,https://books.toscrape.com/catalogue/this-one-summer_947/index.html,2026-09-17T11:10:59Z
709822d0b5bcb7f4,Thirst,Fiction,17.27,GBP,5,yes,16,https://books.toscrape.com/catalogue/thirst_946/index.html,2026-09-17T11:11:00Z
4eed62cf5f8d8edf,The Torch Is Passed: A Harding Family Story,Add a comment,19.09,GBP,1,yes,16,https://books.toscrape.com/catalogue/the-torch-is-passed-a-harding-family-story_945/index.html,2026-09-17T11:11:01Z
b5ea0b5dabed25a8,The Secret of Dreadwillow Carse,Childrens,56.13,GBP,1,yes,16,https://books.toscrape.com/catalogue/the-secret-of-dreadwillow-carse_944/index.html,2026-09-17T11:11:02Z
142d767a56a9254d,"The Pioneer Woman Cooks: Dinnertime: Comfort Classics, Freezer Food, 16-Minute Meals, and Other Delicious Ways to Solve Supper!",Food and Drink,56.41,GBP,1,yes,16,https://books.toscrape.com/catalogue/the-pioneer-woman-cooks-dinnertime-comfort-classics-freezer-food-16-minute-meals-and-other-delicious-ways-to-solve-supper_943/index.html,2026-09-17T11:11:03Z
5ee94540d0749ea0,The Past Never Ends,Mystery,56.5,GBP,4,yes,16,https://books.toscrape.com/catalogue/the-past-never-ends_942/index.html,2026-09-17T11:11:04Z
cedf82b5086e4691,The Natural History of Us (The Fine Art of Pretending #2),Young Adult,45.22,GBP,3,yes,16,https://books.toscrape.com/catalogue/the-natural-history-of-us-the-fine-art-of-pretending-2_941/index.html,2026-09-17T11:11:06Z
7d385d34d12e60ff,The Nameless City (The Nameless City #1),Sequential Art,38.16,GBP,4,yes,16,https://books.toscrape.com/catalogue/the-nameless-city-the-nameless-city-1_940/index.html,2026-09-17T11:11:08Z
d01ac97e2b8947c2,The Murder That Never Was (Forensic Instincts #5),Fiction,54.11,GBP,3,yes,16,https://books.toscrape.com/catalogue/the-murder-that-never-was-forensic-instincts-5_939/index.html,2026-09-17T11:11:09Z
aadee1c326d286e3,The Most Perfect Thing: Inside (and Outside) a Bird's Egg,Science,42.96,GBP,4,yes,16,https://books.toscrape.com/catalogue/the-most-perfect-thing-inside-and-outside-a-birds-egg_938/index.html,2026-09-17T11:11:10Z
31075275518532d7,"The Mindfulness and Acceptance Workbook for Anxiety: A Guide to Breaking Free from Anxiety, Phobias, and Worry Using Acceptance and Commitment Therapy",Add a comment,23.89,GBP,4,yes,16,https://books.toscrape.com/catalogue/the-mindfulness-and-acceptance-workbook-for-anxiety-a-guide-to-breaking-free-from-anxiety-phobias-and-worry-using-acceptance-and-commitment-therapy_937/index.html,2026-09-17T11:11:11Z
0da9aa9d24677fc0,The Life-Changing Magic of Tidying Up: The Japanese Art of Decluttering and Organizing,Nonfiction,16.77,GBP,3,yes,16,https://books.toscrape.com/catalogue/the-life-changing-magic-of-tidying-up-the-japanese-art-of-decluttering-and-organizing_936/index.html,2026-09-17T11:11:13Z
8c9e6bf2467d740d,"The Inefficiency Assassin: Time Management Tactics for Working Smarter, Not Longer",Default,20.59,GBP,5,yes,16,https://books.toscrape.com/catalogue/the-inefficiency-assassin-time-management-tactics-for-working-smarter-not-longer_935/index.html,2026-09-17T11:11:14Z
acd86a5426e21ca0,The Gutsy Girl: Escapades for Your Life of Epic Adventure,Nonfiction,37.13,GBP,1,yes,16,https://books.toscrape.com/catalogue/the-gutsy-girl-escapades-for-your-life-of-epic-adventure_934/index.html,2026-09-17T11:11:15Z
a30b270e25489e5c,The Electric Pencil: Drawings from Inside State Hospital No. 3,Nonfiction,56.06,GBP,1,yes,16,https://books.toscrape.com/catalogue/the-electric-pencil-drawings-from-inside-state-hospital-no-3_933/index.html,2026-09-17T11:11:16Z
bd261725b99f5983,The Death of Humanity: and the Case for Life,Philosophy,58.11,GBP,4,yes,16,https://books.toscrape.com/catalogue/the-death-of-humanity-and-the-case-for-life_932/index.html,2026-09-17T11:11:17Z
43c6a960757cf559,"The Bulletproof Diet: Lose up to a Pound a Day, Reclaim Energy and Focus, Upgrade Your Life",Health,49.05,GBP,3,yes,16,https://books.toscrape.com/catalogue/the-bulletproof-diet-lose-up-to-a-pound-a-day-reclaim-energy-and-focus-upgrade-your-life_931/index.html,2026-09-17T11:11:18Z
80cfab6bcff3a244,The Art Forger,Add a comment,40.76,GBP,3,yes,16,https://books.toscrape.com/catalogue/the-art-forger_930/index.html,2026-09-17T11:11:19Z
a3d2a4250807f1e9,The Age of Genius: The Seventeenth Century and the Birth of the Modern Mind,History,19.73,GBP,1,yes,16,https://books.toscrape.com/catalogue/the-age-of-genius-the-seventeenth-century-and-the-birth-of-the-modern-mind_929/index.html,2026-09-17T11:11:21Z
7d6d2a6c0276f81b,The Activist's Tao Te Ching: Ancient Advice for a Modern Revolution,Spirituality,32.24,GBP,5,yes,16,https://books.toscrape.com/catalogue/the-activists-tao-te-ching-ancient-advice-for-a-modern-revolution_928/index.html,2026-09-17T11:11:22Z
87b0615b6e1f4d7b,Spark Joy: An Illustrated Master Class on the Art of Organizing and Tidying Up,Nonfiction,41.83,GBP,4,yes,16,https://books.toscrape.com/catalogue/spark-joy-an-illustrated-master-class-on-the-art-of-organizing-and-tidying-up_927/index.html,2026-09-17T11:11:23Z
e6af5bf1163c1151,Soul Reader,Default,39.58,GBP,2,yes,16,https://books.toscrape.com/catalogue/soul-reader_926/index.html,2026-09-17T11:11:24Z
6f78a0d744c35456,Security,Horror,39.25,GBP,2,yes,16,https://books.toscrape.com/catalogue/security_925/index.html,2026-09-17T11:11:25Z
c849f0b2f5d6a742,"Saga, Volume 6 (Saga (Collected Editions) #6)",Fantasy,25.02,GBP,3,yes,16,https://books.toscrape.com/catalogue/saga-volume-6-saga-collected-editions-6_924/index.html,2026-09-17T11:11:26Z
53a3d11bb568cc8b,"Saga, Volume 5 (Saga (Collected Editions) #5)",Sequential Art,51.04,GBP,2,yes,16,https://books.toscrape.com/catalogue/saga-volume-5-saga-collected-editions-5_923/index.html,2026-09-17T11:11:27Z
d7310206583a54b6,Reskilling America: Learning to Labor in the Twenty-First Century,Nonfiction,19.83,GBP,2,yes,16,https://books.toscrape.com/catalogue/reskilling-america-learning-to-labor-in-the-twenty-first-century_922/index.html,2026-09-17T11:11:29Z
c82a3e358c773c73,"Rat Queens, Vol. 3: Demons (Rat Queens (Collected Editions) #11-15)",Sequential Art,50.4,GBP,3,yes,16,https://books.toscrape.com/catalogue/rat-queens-vol-3-demons-rat-queens-collected-editions-11-15_921/index.html,2026-09-17T11:11:30Z
0fa6dceead7ce47a,"Princess Jellyfish 2-in-1 Omnibus, Vol. 01 (Princess Jellyfish 2-in-1 Omnibus #1)",Sequential Art,13.61,GBP,5,yes,16,https://books.toscrape.com/catalogue/princess-jellyfish-2-in-1-omnibus-vol-01-princess-jellyfish-2-in-1-omnibus-1_920/index.html,2026-09-17T11:11:33Z
0e691eda369f4e09,Princess Between Worlds (Wide-Awake Princess #5),Fantasy,13.34,GBP,5,yes,16,https://books.toscrape.com/catalogue/princess-between-worlds-wide-awake-princess-5_919/index.html,2026-09-17T11:11:34Z
e80f8e518b300dfe,"Pop Gun War, Volume 1: Gift",Sequential Art,18.97,GBP,1,yes,16,https://books.toscrape.com/catalogue/pop-gun-war-volume-1-gift_918/index.html,2026-09-17T11:11:35Z
7392c0032f92d816,"Political Suicide: Missteps, Peccadilloes, Bad Calls, Backroom Hijinx, Sordid Pasts, Rotten Breaks, and Just Plain Dumb Mistakes in the Annals of American Politics",History,36.28,GBP,2,yes,16,https://books.toscrape.com/catalogue/political-suicide-missteps-peccadilloes-bad-calls-backroom-hijinx-sordid-pasts-rotten-breaks-and-just-plain-dumb-mistakes-in-the-annals-of-american-politics_917/index.html,2026-09-17T11:11:36Z
9429b4d59c537af5,Patience,Sequential Art,10.16,GBP,3,yes,16,https://books.toscrape.com/catalogue/patience_916/index.html,2026-09-17T11:11:37Z
889139b8e9c4cb36,"Outcast, Vol. 1: A Darkness Surrounds Him (Outcast #1)",Sequential Art,15.44,GBP,4,yes,16,https://books.toscrape.com/catalogue/outcast-vol-1-a-darkness-surrounds-him-outcast-1_915/index.html,2026-09-17T11:11:38Z
11809b1d323b3057,orange: The Complete Collection 1 (orange: The Complete Collection #1),Sequential Art,48.41,GBP,1,yes,16,https://books.toscrape.com/catalogue/orange-the-complete-collection-1-orange-the-complete-collection-1_914/index.html,2026-09-17T11:11:40Z
9ffa38d3b832433a,Online Marketing for Busy Authors: A Step-By-Step Guide,Self Help,46.35,GBP,1,yes,16,https://books.toscrape.com/catalogue/online-marketing-for-busy-authors-a-step-by-step-guide_913/index.html,2026-09-17T11:11:41Z
b757c0c361e689ce,On a Midnight Clear,Add a comment,14.07,GBP,3,yes,16,https://books.toscrape.com/catalogue/on-a-midnight-clear_912/index.html,2026-09-17T11:11:42Z
3c346ab1e76ae1f6,Obsidian (Lux #1),Young Adult,14.86,GBP,2,yes,16,https://books.toscrape.com/catalogue/obsidian-lux-1_911/index.html,2026-09-17T11:11:43Z
784bc2279baa878d,My Paris Kitchen: Recipes and Stories,Food and Drink,33.37,GBP,2,yes,16,https://books.toscrape.com/catalogue/my-paris-kitchen-recipes-and-stories_910/index.html,2026-09-17T11:11:44Z
fa9610a50a1bf149,Masks and Shadows,Fantasy,56.4,GBP,2,yes,16,https://books.toscrape.com/catalogue/masks-and-shadows_909/index.html,2026-09-17T11:11:45Z
72f9d5be3472d34e,"Mama Tried: Traditional Italian Cooking for the Screwed, Crude, Vegan, and Tattooed",Food and Drink,14.02,GBP,4,yes,16,https://books.toscrape.com/catalogue/mama-tried-traditional-italian-cooking-for-the-screwed-crude-vegan-and-tattooed_908/index.html,2026-09-17T11:11:46Z
460089f796fb3f82,"Lumberjanes, Vol. 2: Friendship to the Max (Lumberjanes #5-8)",Sequential Art,46.91,GBP,2,yes,16,https://books.toscrape.com/catalogue/lumberjanes-vol-2-friendship-to-the-max-lumberjanes-5-8_907/index.html,2026-09-17T11:11:47Z
b6ee99bcf06fc91f,"Lumberjanes, Vol. 1: Beware the Kitten Holy (Lumberjanes #1-4)",Sequential Art,45.61,GBP,3,yes,16,https://books.toscrape.com/catalogue/lumberjanes-vol-1-beware-the-kitten-holy-lumberjanes-1-4_906/index.html,2026-09-17T11:11:49Z
57e5a4d515c8ce44,Lumberjanes Vol. 3: A Terrible Plan (Lumberjanes #9-12),Sequential Art,19.92,GBP,2,yes,16,https://books.toscrape.com/catalogue/lumberjanes-vol-3-a-terrible-plan-lumberjanes-9-12_905/index.html,2026-09-17T11:11:50Z
7b75cc7f223791f4,"Layered: Baking, Building, and Styling Spectacular Cakes",Food and Drink,40.11,GBP,1,yes,16,https://books.toscrape.com/catalogue/layered-baking-building-and-styling-spectacular-cakes_904/index.html,2026-09-17T11:11:51Z
228f74b74f3a08ae,Judo: Seven Steps to Black Belt (an Introductory Guide for Beginners),Add a comment,53.9,GBP,2,yes,16,https://books.toscrape.com/catalogue/judo-seven-steps-to-black-belt-an-introductory-guide-for-beginners_903/index.html,2026-09-17T11:11:52Z
18ad3ed896c7ce05,Join,Science Fiction,35.67,GBP,5,yes,16,https://books.toscrape.com/catalogue/join_902/index.html,2026-09-17T11:11:53Z
b136b1b180ca753a,In the Country We Love: My Family Divided,Nonfiction,22.0,GBP,4,yes,16,https://books.toscrape.com/catalogue/in-the-country-we-love-my-family-divided_901/index.html,2026-09-17T11:11:54Z
e4f74c16de34d440,Immunity: How Elie Metchnikoff Changed the Course of Modern Medicine,Science,57.36,GBP,5,yes,16,https://books.toscrape.com/catalogue/immunity-how-elie-metchnikoff-changed-the-course-of-modern-medicine_900/index.html,2026-09-17T11:11:57Z
8d4eefad7a2b3915,"I Hate Fairyland, Vol. 1: Madly Ever After (I Hate Fairyland (Compilations) #1-5)",Sequential Art,29.17,GBP,2,yes,16,https://books.toscrape.com/catalogue/i-hate-fairyland-vol-1-madly-ever-after-i-hate-fairyland-compilations-1-5_899/index.html,2026-09-17T11:11:58Z
1c89ae5bb804e4de,I am a Hero Omnibus Volume 1,Sequential Art,54.63,GBP,3,yes,16,https://books.toscrape.com/catalogue/i-am-a-hero-omnibus-volume-1_898/index.html,2026-09-17T11:11:59Z
a6f99b9e687f9d46,How to Be Miserable: 40 Strategies You Already Use,Self Help,46.03,GBP,1,yes,16,https://books.toscrape.com/catalogue/how-to-be-miserable-40-strategies-you-already-use_897/index.html,2026-09-17T11:12:00Z
2a97cffe61c3c4c7,Her Backup Boyfriend (The Sorensen Family #1),Romance,33.97,GBP,1,yes,16,https://books.toscrape.com/catalogue/her-backup-boyfriend-the-sorensen-family-1_896/index.html,2026-09-17T11:12:01Z
f2df3bb043a8abb0,"Giant Days, Vol. 2 (Giant Days #5-8)",Sequential Art,22.11,GBP,2,yes,16,https://books.toscrape.com/catalogue/giant-days-vol-2-giant-days-5-8_895/index.html,2026-09-17T11:12:02Z
9beb96a2300109d7,Forever and Forever: The Courtship of Henry Longfellow and Fanny Appleton,Historical Fiction,29.69,GBP,3,yes,16,https://books.toscrape.com/catalogue/forever-and-forever-the-courtship-of-henry-longfellow-and-fanny-appleton_894/index.html,2026-09-17T11:12:03Z
9e28048cea8d41f7,First and First (Five Boroughs #3),Romance,15.97,GBP,4,yes,16,https://books.toscrape.com/catalogue/first-and-first-five-boroughs-3_893/index.html,2026-09-17T11:12:05Z
7add3f8e49ec0826,Fifty Shades Darker (Fifty Shades #2),Romance,21.96,GBP,1,yes,16,https://books.toscrape.com/catalogue/fifty-shades-darker-fifty-shades-2_892/index.html,2026-09-17T11:12:06Z
311c0dd0e354a33e,Everydata: The Misinformation Hidden in the Little Data You Consume Every Day,Nonfiction,54.35,GBP,2,yes,16,https://books.toscrape.com/catalogue/everydata-the-misinformation-hidden-in-the-little-data-you-consume-every-day_891/index.html,2026-09-17T11:12:07Z
fce19f9b4a943f22,"Don't Be a Jerk: And Other Practical Advice from Dogen, Japan's Greatest Zen Master",Religion,37.97,GBP,2,yes,16,https://books.toscrape.com/catalogue/dont-be-a-jerk-and-other-practical-advice-from-dogen-japans-greatest-zen-master_890/index.html,2026-09-17T11:12:08Z
09b6cc87e62c2c58,Danganronpa Volume 1,Sequential Art,51.99,GBP,4,yes,16,https://books.toscrape.com/catalogue/danganronpa-volume-1_889/index.html,2026-09-17T11:12:09Z
7267864328ae8b9d,Crown of Midnight (Throne of Glass #2),Fantasy,43.29,GBP,3,yes,16,https://books.toscrape.com/catalogue/crown-of-midnight-throne-of-glass-2_888/index.html,2026-09-17T11:12:10Z
8754c83ab2a7ae71,"Codename Baboushka, Volume 1: The Conclave of Death",Sequential Art,36.72,GBP,4,yes,16,https://books.toscrape.com/catalogue/codename-baboushka-volume-1-the-conclave-of-death_887/index.html,2026-09-17T11:12:11Z
7b599c8bfcdd8d30,Camp Midnight,Sequential Art,17.08,GBP,4,yes,16,https://books.toscrape.com/catalogue/camp-midnight_886/index.html,2026-09-17T11:12:13Z
bee3672891cca906,Call the Nurse: True Stories of a Country Nurse on a Scottish Isle,Nonfiction,29.14,GBP,5,yes,16,https://books.toscrape.com/catalogue/call-the-nurse-true-stories-of-a-country-nurse-on-a-scottish-isle_885/index.html,2026-09-17T11:12:14Z
5ceb951f629700a2,Burning,Young Adult,28.81,GBP,3,yes,16,https://books.toscrape.com/catalogue/burning_884/index.html,2026-09-17T11:12:15Z
74baabfc8fd84b38,Bossypants,Default,49.46,GBP,2,yes,16,https://books.toscrape.com/catalogue/bossypants_883/index.html,2026-09-17T11:12:16Z
bdf415fd484ea8a7,"Bitch Planet, Vol. 1: Extraordinary Machine (Bitch Planet (Collected Editions))",Sequential Art,37.92,GBP,2,yes,16,https://books.toscrape.com/catalogue/bitch-planet-vol-1-extraordinary-machine-bitch-planet-collected-editions_882/index.html,2026-09-17T11:12:17Z
6d5300b2d8f37e07,"Avatar: The Last Airbender: Smoke and Shadow, Part 3 (Smoke and Shadow #3)",Fantasy,28.09,GBP,2,yes,16,https://books.toscrape.com/catalogue/avatar-the-last-airbender-smoke-and-shadow-part-3-smoke-and-shadow-3_881/index.html,2026-09-17T11:12:18Z
38d45839cb1c83c1,Algorithms to Live By: The Computer Science of Human Decisions,Nonfiction,30.81,GBP,1,yes,16,https://books.toscrape.com/catalogue/algorithms-to-live-by-the-computer-science-of-human-decisions_880/index.html,2026-09-17T11:12:21Z
70ed59f194b3c556,A World of Flavor: Your Gluten Free Passport,Default,42.95,GBP,1,yes,16,https://books.toscrape.com/catalogue/a-world-of-flavor-your-gluten-free-passport_879/index.html,2026-09-17T11:12:22Z
8a380641491d43ed,"A Piece of Sky, a Grain of Rice: A Memoir in Four Meditations",Default,56.76,GBP,5,yes,16,https://books.toscrape.com/catalogue/a-piece-of-sky-a-grain-of-rice-a-memoir-in-four-meditations_878/index.html,2026-09-17T11:12:23Z
f733e8c19d40ec2e,A Murder in Time,Mystery,16.64,GBP,1,yes,16,https://books.toscrape.com/catalogue/a-murder-in-time_877/index.html,2026-09-17T11:12:24Z
3a6fb983e2554023,A Flight of Arrows (The Pathfinders #2),Historical Fiction,55.53,GBP,5,yes,16,https://books.toscrape.com/catalogue/a-flight-of-arrows-the-pathfinders-2_876/index.html,2026-09-17T11:12:25Z
842790dfaa937484,A Fierce and Subtle Poison,Young Adult,28.13,GBP,4,yes,16,https://books.toscrape.com/catalogue/a-fierce-and-subtle-poison_875/index.html,2026-09-17T11:12:26Z
01d2001ac1e6f8a3,A Court of Thorns and Roses (A Court of Thorns and Roses #1),Fantasy,52.37,GBP,1,yes,16,https://books.toscrape.com/catalogue/a-court-of-thorns-and-roses-a-court-of-thorns-and-roses-1_874/index.html,2026-09-17T11:12:28Z
e4ac92d89b946781,(Un)Qualified: How God Uses Broken People to Do Big Things,Christian,54.0,GBP,5,yes,16,https://books.toscrape.com/catalogue/unqualified-how-god-uses-broken-people-to-do-big-things_873/index.html,2026-09-17T11:12:29Z
796c87ddbbaaf8c5,You Are What You Love: The Spiritual Power of Habit,Religion,21.87,GBP,4,yes,15,https://books.toscrape.com/catalogue/you-are-what-you-love-the-spiritual-power-of-habit_872/index.html,2026-09-17T11:12:30Z
9270575728a13a61,"William Shakespeare's Star Wars: Verily, A New Hope (William Shakespeare's Star Wars #4)",Science Fiction,43.3,GBP,4,yes,15,https://books.toscrape.com/catalogue/william-shakespeares-star-wars-verily-a-new-hope-william-shakespeares-star-wars-4_871/index.html,2026-09-17T11:12:31Z
b8736690cf263a3c,Tuesday Nights in 1980,Fiction,21.04,GBP,2,yes,15,https://books.toscrape.com/catalogue/tuesday-nights-in-1980_870/index.html,2026-09-17T11:12:32Z
d7d6d50c1e3d0b81,Tracing Numbers on a Train,Default,41.6,GBP,3,yes,15,https://books.toscrape.com/catalogue/tracing-numbers-on-a-train_869/index.html,2026-09-17T11:12:33Z
590a9cccf7db9f7d,Throne of Glass (Throne of Glass #1),Fantasy,35.07,GBP,3,yes,15,https://books.toscrape.com/catalogue/throne-of-glass-throne-of-glass-1_868/index.html,2026-09-17T11:12:34Z
de3f25248ba0789f,Thomas Jefferson and the Tripoli Pirates: The Forgotten War That Changed American History,History,59.64,GBP,1,yes,15,https://books.toscrape.com/catalogue/thomas-jefferson-and-the-tripoli-pirates-the-forgotten-war-that-changed-american-history_867/index.html,2026-09-17T11:12:35Z
bc2a85fd35fdc7bd,Thirteen Reasons Why,Default,52.72,GBP,1,yes,15,https://books.toscrape.com/catalogue/thirteen-reasons-why_866/index.html,2026-09-17T11:12:37Z
37c0cb19713d8dda,The White Cat and the Monk: A Retelling of the Poem “Pangur Bán”,Childrens,58.08,GBP,4,yes,15,https://books.toscrape.com/catalogue/the-white-cat-and-the-monk-a-retelling-of-the-poem-pangur-ban_865/index.html,2026-09-17T11:12:38Z
623e1a180426039b,The Wedding Dress,Romance,24.12,GBP,1,yes,15,https://books.toscrape.com/catalogue/the-wedding-dress_864/index.html,2026-09-17T11:12:39Z
fd3a622648667296,The Vacationers,Fiction,42.15,GBP,4,yes,15,https://books.toscrape.com/catalogue/the-vacationers_863/index.html,2026-09-17T11:12:40Z
3bebf34ee9330cbd,The Third Wave: An Entrepreneur’s Vision of the Future,Business,12.61,GBP,5,yes,15,https://books.toscrape.com/catalogue/the-third-wave-an-entrepreneurs-vision-of-the-future_862/index.html,2026-09-17T11:12:41Z
f5a92cff83897d48,The Stranger,Philosophy,17.44,GBP,4,yes,15,https://books.toscrape.com/catalogue/the-stranger_861/index.html,2026-09-17T11:12:42Z
d6361d16212664ed,The Shadow Hero (The Shadow Hero),Sequential Art,33.14,GBP,1,yes,15,https://books.toscrape.com/catalogue/the-shadow-hero-the-shadow-hero_860/index.html,2026-09-17T11:12:45Z
961f18db4f138211,The Secret (The Secret #1),Default,27.37,GBP,4,yes,15,https://books.toscrape.com/catalogue/the-secret-the-secret-1_859/index.html,2026-09-17T11:12:46Z
0651062381f0636a,The Regional Office Is Under Attack!,Fiction,51.36,GBP,5,yes,15,https://books.toscrape.com/catalogue/the-regional-office-is-under-attack_858/index.html,2026-09-17T11:12:47Z
e98a4efa85070c2f,The Psychopath Test: A Journey Through the Madness Industry,Default,36.0,GBP,2,yes,15,https://books.toscrape.com/catalogue/the-psychopath-test-a-journey-through-the-madness-industry_857/index.html,2026-09-17T11:12:48Z
790ef197c8f236f5,The Project,Science Fiction,10.65,GBP,1,yes,15,https://books.toscrape.com/catalogue/the-project_856/index.html,2026-09-17T11:12:49Z
8ec14b1576cb7cb5,The Power of Now: A Guide to Spiritual Enlightenment,Nonfiction,43.54,GBP,2,yes,15,https://books.toscrape.com/catalogue/the-power-of-now-a-guide-to-spiritual-enlightenment_855/index.html,2026-09-17T11:12:50Z
209adad1015af86f,The Omnivore's Dilemma: A Natural History of Four Meals,Nonfiction,38.21,GBP,2,yes,15,https://books.toscrape.com/catalogue/the-omnivores-dilemma-a-natural-history-of-four-meals_854/index.html,2026-09-17T11:12:51Z
e4c7f3487d17fd42,The Nerdy Nummies Cookbook: Sweet Treats for the Geek in All of Us,Food and Drink,37.34,GBP,5,yes,15,https://books.toscrape.com/catalogue/the-nerdy-nummies-cookbook-sweet-treats-for-the-geek-in-all-of-us_853/index.html,2026-09-17T11:12:53Z
c7b5183f4d1d4efe,The Murder of Roger Ackroyd (Hercule Poirot #4),Mystery,44.1,GBP,4,yes,15,https://books.toscrape.com/catalogue/the-murder-of-roger-ackroyd-hercule-poirot-4_852/index.html,2026-09-17T11:12:54Z
99ff4cc6491e8f5c,The Mistake (Off-Campus #2),New Adult,43.29,GBP,3,yes,15,https://books.toscrape.com/catalogue/the-mistake-off-campus-2_851/index.html,2026-09-17T11:12:55Z
08db62f24627e71f,The Matchmaker's Playbook (Wingmen Inc. #1),New Adult,55.85,GBP,1,yes,15,https://books.toscrape.com/catalogue/the-matchmakers-playbook-wingmen-inc-1_850/index.html,2026-09-17T11:12:56Z
e28e330cbdf01126,The Love and Lemons Cookbook: An Apple-to-Zucchini Celebration of Impromptu Cooking,Food and Drink,37.6,GBP,2,yes,15,https://books.toscrape.com/catalogue/the-love-and-lemons-cookbook-an-apple-to-zucchini-celebration-of-impromptu-cooking_849/index.html,2026-09-17T11:12:57Z
abeafe151a587d3b,The Long Shadow of Small Ghosts: Murder and Memory in an American City,Crime,10.97,GBP,1,yes,15,https://books.toscrape.com/catalogue/the-long-shadow-of-small-ghosts-murder-and-memory-in-an-american-city_848/index.html,2026-09-17T11:12:58Z
eac1a180047ad54e,The Kite Runner,Default,41.82,GBP,4,yes,15,https://books.toscrape.com/catalogue/the-kite-runner_847/index.html,2026-09-17T11:12:59Z
9287e238d7c3b06e,The House by the Lake,Historical Fiction,36.95,GBP,1,yes,15,https://books.toscrape.com/catalogue/the-house-by-the-lake_846/index.html,2026-09-17T11:13:01Z
2dbb7ec08cdd7f3c,The Glittering Court (The Glittering Court #1),Fantasy,44.28,GBP,1,yes,15,https://books.toscrape.com/catalogue/the-glittering-court-the-glittering-court-1_845/index.html,2026-09-17T11:13:02Z
e956d67c9bcc5809,The Girl on the Train,Default,55.02,GBP,2,yes,15,https://books.toscrape.com/catalogue/the-girl-on-the-train_844/index.html,2026-09-17T11:13:03Z
42d0d7c92b75fc1c,The Genius of Birds,Nonfiction,17.24,GBP,1,yes,15,https://books.toscrape.com/catalogue/the-genius-of-birds_843/index.html,2026-09-17T11:13:04Z
d6670dfe3e7b42bd,The Emerald Mystery,Default,23.15,GBP,2,yes,15,https://books.toscrape.com/catalogue/the-emerald-mystery_842/index.html,2026-09-17T11:13:05Z
96a38e7c813d8f1d,The Cookies & Cups Cookbook: 125+ sweet & savory recipes reminding you to Always Eat Dessert First,Food and Drink,41.25,GBP,1,yes,15,https://books.toscrape.com/catalogue/the-cookies-cups-cookbook-125-sweet-savory-recipes-reminding-you-to-always-eat-dessert-first_841/index.html,2026-09-17T11:13:06Z
efc3768127714ec3,The Bridge to Consciousness: I'm Writing the Bridge Between Science and Our Old and New Beliefs.,Default,32.0,GBP,3,yes,15,https://books.toscrape.com/catalogue/the-bridge-to-consciousness-im-writing-the-bridge-between-science-and-our-old-and-new-beliefs_840/index.html,2026-09-17T11:13:09Z
dd047728de72ad62,The Artist's Way: A Spiritual Path to Higher Creativity,Nonfiction,38.49,GBP,5,yes,15,https://books.toscrape.com/catalogue/the-artists-way-a-spiritual-path-to-higher-creativity_839/index.html,2026-09-17T11:13:10Z
e7469e22b5bfb3e7,The Art of War,Default,33.34,GBP,5,yes,15,https://books.toscrape.com/catalogue/the-art-of-war_838/index.html,2026-09-17T11:13:11Z
c99761a700ade23f,The Argonauts,Autobiography,10.93,GBP,2,yes,15,https://books.toscrape.com/catalogue/the-argonauts_837/index.html,2026-09-17T11:13:12Z
56e4f9eab2e8e674,The 10% Entrepreneur: Live Your Startup Dream Without Quitting Your Day Job,Business,27.55,GBP,3,yes,15,https://books.toscrape.com/catalogue/the-10-entrepreneur-live-your-startup-dream-without-quitting-your-day-job_836/index.html,2026-09-17T11:13:13Z
203b7f94b7d6115f,Suddenly in Love (Lake Haven #1),Romance,55.99,GBP,2,yes,15,https://books.toscrape.com/catalogue/suddenly-in-love-lake-haven-1_835/index.html,2026-09-17T11:13:14Z
ca71e72655bece85,Something More Than This,Romance,16.24,GBP,4,yes,15,https://books.toscrape.com/catalogue/something-more-than-this_834/index.html,2026-09-17T11:13:15Z
2a70769cdc6eb8b8,Soft Apocalypse,Science Fiction,26.12,GBP,2,yes,15,https://books.toscrape.com/catalogue/soft-apocalypse_833/index.html,2026-09-17T11:13:17Z
1b33663ad7b95fd8,So You've Been Publicly Shamed,Nonfiction,12.23,GBP,2,yes,15,https://books.toscrape.com/catalogue/so-youve-been-publicly-shamed_832/index.html,2026-09-17T11:13:18Z
0e0dcc3339602b28,Shoe Dog: A Memoir by the Creator of NIKE,Business,23.99,GBP,2,yes,15,https://books.toscrape.com/catalogue/shoe-dog-a-memoir-by-the-creator-of-nike_831/index.html,2026-09-17T11:13:19Z
0c27e6c3744fc14b,"Shobu Samurai, Project Aryoku (#3)",Add a comment,29.06,GBP,3,yes,15,https://books.toscrape.com/catalogue/shobu-samurai-project-aryoku-3_830/index.html,2026-09-17T11:13:20Z
ad04ad9fc179fc5d,Secrets and Lace (Fatal Hearts #1),Default,20.27,GBP,1,yes,15,https://books.toscrape.com/catalogue/secrets-and-lace-fatal-hearts-1_829/index.html,2026-09-17T11:13:21Z
1c929cfd16b71907,Scarlett Epstein Hates It Here,Young Adult,43.55,GBP,5,yes,15,https://books.toscrape.com/catalogue/scarlett-epstein-hates-it-here_828/index.html,2026-09-17T11:13:22Z
e656e280bc8edd56,Romero and Juliet: A Tragic Tale of Love and Zombies,Default,36.94,GBP,1,yes,15,https://books.toscrape.com/catalogue/romero-and-juliet-a-tragic-tale-of-love-and-zombies_827/index.html,2026-09-17T11:13:23Z
b53db2271c9624f7,Redeeming Love,Christian Fiction,20.47,GBP,5,yes,15,https://books.toscrape.com/catalogue/redeeming-love_826/index.html,2026-09-17T11:13:25Z
d9c643fa1fc57bdb,Poses for Artists Volume 1 - Dynamic and Sitting Poses: An Essential Reference for Figure Drawing and the Human Form,Default,41.06,GBP,1,yes,15,https://books.toscrape.com/catalogue/poses-for-artists-volume-1-dynamic-and-sitting-poses-an-essential-reference-for-figure-drawing-and-the-human-form_825/index.html,2026-09-17T11:13:26Z
31001a1210623bd4,Poems That Make Grown Women Cry,Poetry,14.19,GBP,4,yes,15,https://books.toscrape.com/catalogue/poems-that-make-grown-women-cry_824/index.html,2026-09-17T11:13:27Z
50b8f80311b31ede,"Nightingale, Sing",Young Adult,38.28,GBP,1,yes,15,https://books.toscrape.com/catalogue/nightingale-sing_823/index.html,2026-09-17T11:13:28Z
cfeb1e1e0e695b58,Night Sky with Exit Wounds,Poetry,41.05,GBP,1,yes,15,https://books.toscrape.com/catalogue/night-sky-with-exit-wounds_822/index.html,2026-09-17T11:13:29Z
a40723994f715420,Mrs. Houdini,Historical Fiction,30.25,GBP,5,yes,15,https://books.toscrape.com/catalogue/mrs-houdini_821/index.html,2026-09-17T11:13:30Z
caf4fe9311f1dc59,Modern Romance,Add a comment,28.26,GBP,5,yes,15,https://books.toscrape.com/catalogue/modern-romance_820/index.html,2026-09-17T11:13:33Z
af96613fdd793a3c,Miss Peregrine’s Home for Peculiar Children (Miss Peregrine’s Peculiar Children #1),Default,10.76,GBP,1,yes,15,https://books.toscrape.com/catalogue/miss-peregrines-home-for-peculiar-children-miss-peregrines-peculiar-children-1_819/index.html,2026-09-17T11:13:34Z
d69dd8dac66f9f84,Louisa: The Extraordinary Life of Mrs. Adams,Biography,16.85,GBP,2,yes,15,https://books.toscrape.com/catalogue/louisa-the-extraordinary-life-of-mrs-adams_818/index.html,2026-09-17T11:13:35Z
4aa03792b50f0b22,Little Red,Childrens,13.47,GBP,3,yes,15,https://books.toscrape.com/catalogue/little-red_817/index.html,2026-09-17T11:13:36Z
ba54932df84e8cea,Library of Souls (Miss Peregrine’s Peculiar Children #3),Young Adult,48.56,GBP,5,yes,15,https://books.toscrape.com/catalogue/library-of-souls-miss-peregrines-peculiar-children-3_816/index.html,2026-09-17T11:13:37Z
c1afd71fc86bf682,Large Print Heart of the Pride,Default,19.15,GBP,2,yes,15,https://books.toscrape.com/catalogue/large-print-heart-of-the-pride_815/index.html,2026-09-17T11:13:38Z
fd8585283fc7d2d7,I Had a Nice Time And Other Lies...: How to find love & sh*t like that,Womens Fiction,57.36,GBP,4,yes,15,https://books.toscrape.com/catalogue/i-had-a-nice-time-and-other-lies-how-to-find-love-sht-like-that_814/index.html,2026-09-17T11:13:39Z
4ce91d31c1e57c33,Hollow City (Miss Peregrine’s Peculiar Children #2),Fantasy,42.98,GBP,1,yes,15,https://books.toscrape.com/catalogue/hollow-city-miss-peregrines-peculiar-children-2_813/index.html,2026-09-17T11:13:41Z
d163dd6c352fbcd2,Grumbles,Default,22.16,GBP,2,yes,15,https://books.toscrape.com/catalogue/grumbles_812/index.html,2026-09-17T11:13:42Z
ce60436f52c5ee68,Full Moon over Noah’s Ark: An Odyssey to Mount Ararat and Beyond,Travel,49.43,GBP,4,yes,15,https://books.toscrape.com/catalogue/full-moon-over-noahs-ark-an-odyssey-to-mount-ararat-and-beyond_811/index.html,2026-09-17T11:13:43Z
116a2fdc9a45bab0,Frostbite (Vampire Academy #2),Young Adult,29.99,GBP,5,yes,15,https://books.toscrape.com/catalogue/frostbite-vampire-academy-2_810/index.html,2026-09-17T11:13:44Z
8585760646e3aa2a,Follow You Home,Horror,21.36,GBP,1,yes,15,https://books.toscrape.com/catalogue/follow-you-home_809/index.html,2026-09-17T11:13:45Z
2f88b08bf0a0e367,First Steps for New Christians (Print Edition),Default,29.0,GBP,1,yes,15,https://books.toscrape.com/catalogue/first-steps-for-new-christians-print-edition_808/index.html,2026-09-17T11:13:46Z
edb3097e71330040,Finders Keepers (Bill Hodges Trilogy #2),Fiction,53.53,GBP,5,yes,15,https://books.toscrape.com/catalogue/finders-keepers-bill-hodges-trilogy-2_807/index.html,2026-09-17T11:13:47Z
65d034adf80834b7,"Fables, Vol. 1: Legends in Exile (Fables #1)",Sequential Art,41.62,GBP,4,yes,15,https://books.toscrape.com/catalogue/fables-vol-1-legends-in-exile-fables-1_806/index.html,2026-09-17T11:13:49Z
29c0025455f8c585,Eureka Trivia 6.0,Default,54.59,GBP,4,yes,15,https://books.toscrape.com/catalogue/eureka-trivia-60_805/index.html,2026-09-17T11:13:50Z
6ffb36aaeff1c81e,Drive: The Surprising Truth About What Motivates Us,Default,34.95,GBP,4,yes,15,https://books.toscrape.com/catalogue/drive-the-surprising-truth-about-what-motivates-us_804/index.html,2026-09-17T11:13:51Z
f6d967cdadc6fbd9,Done Rubbed Out (Reightman & Bailey #1),Default,37.72,GBP,5,yes,15,https://books.toscrape.com/catalogue/done-rubbed-out-reightman-bailey-1_803/index.html,2026-09-17T11:13:52Z
3a11bb962ff45b78,Doing It Over (Most Likely To #1),Romance,35.61,GBP,3,yes,15,https://books.toscrape.com/catalogue/doing-it-over-most-likely-to-1_802/index.html,2026-09-17T11:13:53Z
46c1530d7546ea6d,"Deliciously Ella Every Day: Quick and Easy Recipes for Gluten-Free Snacks, Packed Lunches, and Simple Meals",Food and Drink,42.16,GBP,3,yes,15,https://books.toscrape.com/catalogue/deliciously-ella-every-day-quick-and-easy-recipes-for-gluten-free-snacks-packed-lunches-and-simple-meals_801/index.html,2026-09-17T11:13:54Z
88c21fcd38e2486e,Dark Notes,Erotica,19.19,GBP,5,yes,15,https://books.toscrape.com/catalogue/dark-notes_800/index.html,2026-09-17T11:13:57Z
3b9a3b4624b7fd6d,"Daring Greatly: How the Courage to Be Vulnerable Transforms the Way We Live, Love, Parent, and Lead",Nonfiction,19.43,GBP,3,yes,15,https://books.toscrape.com/catalogue/daring-greatly-how-the-courage-to-be-vulnerable-transforms-the-way-we-live-love-parent-and-lead_799/index.html,2026-09-17T11:13:58Z
a57b1dcbd6849222,Close to You,Christian Fiction,49.46,GBP,4,yes,15,https://books.toscrape.com/catalogue/close-to-you_798/index.html,2026-09-17T11:13:59Z
513271dadc1322ae,Chasing Heaven: What Dying Taught Me About Living,Spirituality,37.8,GBP,2,yes,15,https://books.toscrape.com/catalogue/chasing-heaven-what-dying-taught-me-about-living_797/index.html,2026-09-17T11:14:00Z
1f329c2e7d7de8bd,Big Magic: Creative Living Beyond Fear,Nonfiction,30.8,GBP,3,yes,15,https://books.toscrape.com/catalogue/big-magic-creative-living-beyond-fear_796/index.html,2026-09-17T11:14:01Z
919e7cb2269a25d2,Becoming Wise: An Inquiry into the Mystery and Art of Living,Nonfiction,27.43,GBP,2,yes,15,https://books.toscrape.com/catalogue/becoming-wise-an-inquiry-into-the-mystery-and-art-of-living_795/index.html,2026-09-17T11:14:02Z
3f69e667a67e54d9,Beauty Restored (Riley Family Legacy Novellas #3),Default,11.11,GBP,2,yes,15,https://books.toscrape.com/catalogue/beauty-restored-riley-family-legacy-novellas-3_794/index.html,2026-09-17T11:14:03Z
7edc0527cf782e19,Batman: The Long Halloween (Batman),Sequential Art,36.5,GBP,2,yes,15,https://books.toscrape.com/catalogue/batman-the-long-halloween-batman_793/index.html,2026-09-17T11:14:05Z
47271d8e08b5d31c,Batman: The Dark Knight Returns (Batman),Sequential Art,15.38,GBP,5,yes,15,https://books.toscrape.com/catalogue/batman-the-dark-knight-returns-batman_792/index.html,2026-09-17T11:14:06Z
05f7c6d9a4e582d3,Ayumi's Violin,Default,15.48,GBP,2,yes,15,https://books.toscrape.com/catalogue/ayumis-violin_791/index.html,2026-09-17T11:14:07Z
d24b829be2ca81c4,Anonymous,Default,46.82,GBP,4,yes,15,https://books.toscrape.com/catalogue/anonymous_790/index.html,2026-09-17T11:14:08Z
7ebfa6c1bee69e1e,Amy Meets the Saints and Sages,Default,18.46,GBP,3,yes,15,https://books.toscrape.com/catalogue/amy-meets-the-saints-and-sages_789/index.html,2026-09-17T11:14:09Z
bb8245f52c7cce8f,Amid the Chaos,Cultural,36.58,GBP,1,yes,15,https://books.toscrape.com/catalogue/amid-the-chaos_788/index.html,2026-09-17T11:14:10Z
ffd54178acc9a6a5,Amatus,Default,50.54,GBP,5,yes,15,https://books.toscrape.com/catalogue/amatus_787/index.html,2026-09-17T11:14:11Z
d195e7f4ed697350,Agnostic: A Spirited Manifesto,Nonfiction,12.51,GBP,5,yes,15,https://books.toscrape.com/catalogue/agnostic-a-spirited-manifesto_786/index.html,2026-09-17T11:14:12Z
dd5bfa6cc2c0ecc3,Zealot: The Life and Times of Jesus of Nazareth,History,24.7,GBP,3,yes,14,https://books.toscrape.com/catalogue/zealot-the-life-and-times-of-jesus-of-nazareth_785/index.html,2026-09-17T11:14:14Z
024387ca4cafd5cc,You (You #1),Thriller,43.61,GBP,5,yes,14,https://books.toscrape.com/catalogue/you-you-1_784/index.html,2026-09-17T11:14:15Z
047097293bb4d1c0,"Wonder Woman: Earth One, Volume One (Wonder Woman: Earth One #1)",Sequential Art,37.34,GBP,4,yes,14,https://books.toscrape.com/catalogue/wonder-woman-earth-one-volume-one-wonder-woman-earth-one-1_783/index.html,2026-09-17T11:14:16Z
3fb15ace50d6142b,Wild Swans,Young Adult,14.36,GBP,2,yes,14,https://books.toscrape.com/catalogue/wild-swans_782/index.html,2026-09-17T11:14:17Z
2b5054a4192e9b06,Why the Right Went Wrong: Conservatism--From Goldwater to the Tea Party and Beyond,Politics,52.65,GBP,4,yes,14,https://books.toscrape.com/catalogue/why-the-right-went-wrong-conservatism-from-goldwater-to-the-tea-party-and-beyond_781/index.html,2026-09-17T11:14:18Z
44a10f1ac8ce822e,Whole Lotta Creativity Going On: 60 Fun and Unusual Exercises to Awaken and Strengthen Your Creativity,Nonfiction,38.2,GBP,4,yes,14,https://books.toscrape.com/catalogue/whole-lotta-creativity-going-on-60-fun-and-unusual-exercises-to-awaken-and-strengthen-your-creativity_780/index.html,2026-09-17T11:14:21Z
6fd646a334e6e133,What's It Like in Space?: Stories from Astronauts Who've Been There,Nonfiction,19.6,GBP,2,yes,14,https://books.toscrape.com/catalogue/whats-it-like-in-space-stories-from-astronauts-whove-been-there_779/index.html,2026-09-17T11:14:22Z
92275cedf6d8ee15,"We Are Robin, Vol. 1: The Vigilante Business (We Are Robin #1)",Sequential Art,53.9,GBP,1,yes,14,https://books.toscrape.com/catalogue/we-are-robin-vol-1-the-vigilante-business-we-are-robin-1_778/index.html,2026-09-17T11:14:23Z
6a31307a81e8f3a8,Walt Disney's Alice in Wonderland,Childrens,12.96,GBP,5,yes,14,https://books.toscrape.com/catalogue/walt-disneys-alice-in-wonderland_777/index.html,2026-09-17T11:14:24Z
4a1debca3135ff37,V for Vendetta (V for Vendetta Complete),Default,37.1,GBP,4,yes,14,https://books.toscrape.com/catalogue/v-for-vendetta-v-for-vendetta-complete_776/index.html,2026-09-17T11:14:25Z
aba2db9afb1469c7,Until Friday Night (The Field Party #1),Young Adult,46.31,GBP,2,yes,14,https://books.toscrape.com/catalogue/until-friday-night-the-field-party-1_775/index.html,2026-09-17T11:14:26Z
76c84daa539426e2,"Unbroken: A World War II Story of Survival, Resilience, and Redemption",Default,45.95,GBP,2,yes,14,https://books.toscrape.com/catalogue/unbroken-a-world-war-ii-story-of-survival-resilience-and-redemption_774/index.html,2026-09-17T11:14:27Z
1d6443ffba9dfd80,Twenty Yawns,Childrens,22.08,GBP,2,yes,14,https://books.toscrape.com/catalogue/twenty-yawns_773/index.html,2026-09-17T11:14:28Z
6e44bcbeac7f4360,Through the Woods,Sequential Art,25.38,GBP,2,yes,14,https://books.toscrape.com/catalogue/through-the-woods_772/index.html,2026-09-17T11:14:30Z
f0f38174a7e689a3,This Is Where It Ends,Young Adult,27.12,GBP,2,yes,14,https://books.toscrape.com/catalogue/this-is-where-it-ends_771/index.html,2026-09-17T11:14:31Z
34c0d7c4ee5650af,The Year of Magical Thinking,Nonfiction,43.04,GBP,2,yes,14,https://books.toscrape.com/catalogue/the-year-of-magical-thinking_770/index.html,2026-09-17T11:14:32Z
08b2f71d93836313,The Wright Brothers,Default,56.8,GBP,4,yes,14,https://books.toscrape.com/catalogue/the-wright-brothers_769/index.html,2026-09-17T11:14:33Z
6875c5657661b2fb,The White Queen (The Cousins' War #1),Add a comment,25.91,GBP,5,yes,14,https://books.toscrape.com/catalogue/the-white-queen-the-cousins-war-1_768/index.html,2026-09-17T11:14:34Z
c5cb9f885d8b3621,The Wedding Pact (The O'Malleys #2),Romance,32.61,GBP,3,yes,14,https://books.toscrape.com/catalogue/the-wedding-pact-the-omalleys-2_767/index.html,2026-09-17T11:14:35Z
e9906e2f0d189745,The Time Keeper,Fiction,27.88,GBP,5,yes,14,https://books.toscrape.com/catalogue/the-time-keeper_766/index.html,2026-09-17T11:14:36Z
081305e6df719dff,The Testament of Mary,Fiction,52.67,GBP,4,yes,14,https://books.toscrape.com/catalogue/the-testament-of-mary_765/index.html,2026-09-17T11:14:38Z
1528279aec1f3dce,The Star-Touched Queen,Fantasy,46.02,GBP,5,yes,14,https://books.toscrape.com/catalogue/the-star-touched-queen_764/index.html,2026-09-17T11:14:39Z
00c4543ec6bd25b4,The Songs of the Gods,Default,44.48,GBP,5,yes,14,https://books.toscrape.com/catalogue/the-songs-of-the-gods_763/index.html,2026-09-17T11:14:40Z
e88fb1c9397cfb27,The Song of Achilles,Add a comment,37.4,GBP,5,yes,14,https://books.toscrape.com/catalogue/the-song-of-achilles_762/index.html,2026-09-17T11:14:41Z
012094e90a4b908d,The Rosie Project (Don Tillman #1),Default,54.04,GBP,1,yes,14,https://books.toscrape.com/catalogue/the-rosie-project-don-tillman-1_761/index.html,2026-09-17T11:14:42Z
6bdd909329435e80,The Power of Habit: Why We Do What We Do in Life and Business,Default,16.88,GBP,3,yes,14,https://books.toscrape.com/catalogue/the-power-of-habit-why-we-do-what-we-do-in-life-and-business_760/index.html,2026-09-17T11:14:45Z
52cf2a5933ec5d8f,The Marriage of Opposites,Historical Fiction,28.08,GBP,4,yes,14,https://books.toscrape.com/catalogue/the-marriage-of-opposites_759/index.html,2026-09-17T11:14:46Z
4e812d32d64e2431,The Lucifer Effect: Understanding How Good People Turn Evil,Psychology,10.4,GBP,1,yes,14,https://books.toscrape.com/catalogue/the-lucifer-effect-understanding-how-good-people-turn-evil_758/index.html,2026-09-17T11:14:47Z
f21effc079a2b38a,The Long Haul (Diary of a Wimpy Kid #9),Humor,44.07,GBP,1,yes,14,https://books.toscrape.com/catalogue/the-long-haul-diary-of-a-wimpy-kid-9_757/index.html,2026-09-17T11:14:48Z
2d88a31f325dfd3b,The Loney,Horror,23.4,GBP,1,yes,14,https://books.toscrape.com/catalogue/the-loney_756/index.html,2026-09-17T11:14:49Z
4881cc53f6c8892f,The Literature Book (Big Ideas Simply Explained),Nonfiction,17.43,GBP,3,yes,14,https://books.toscrape.com/catalogue/the-literature-book-big-ideas-simply-explained_755/index.html,2026-09-17T11:14:50Z
3bc89353f7e3a3cc,The Last Mile (Amos Decker #2),Mystery,54.21,GBP,2,yes,14,https://books.toscrape.com/catalogue/the-last-mile-amos-decker-2_754/index.html,2026-09-17T11:14:51Z
f72f61ad6a5f12ed,The Immortal Life of Henrietta Lacks,Add a comment,40.67,GBP,2,yes,14,https://books.toscrape.com/catalogue/the-immortal-life-of-henrietta-lacks_753/index.html,2026-09-17T11:14:53Z
992974ba6a0536ea,The Hidden Oracle (The Trials of Apollo #1),Fantasy,52.26,GBP,2,yes,14,https://books.toscrape.com/catalogue/the-hidden-oracle-the-trials-of-apollo-1_752/index.html,2026-09-17T11:14:54Z
ddc8340dabc8641b,The Help Yourself Cookbook for Kids: 60 Easy Plant-Based Recipes Kids Can Make to Stay Healthy and Save the Earth,Food and Drink,28.77,GBP,3,yes,14,https://books.toscrape.com/catalogue/the-help-yourself-cookbook-for-kids-60-easy-plant-based-recipes-kids-can-make-to-stay-healthy-and-save-the-earth_751/index.html,2026-09-17T11:14:55Z
847935fc68707426,The Guilty (Will Robie #4),Thriller,13.82,GBP,2,yes,14,https://books.toscrape.com/catalogue/the-guilty-will-robie-4_750/index.html,2026-09-17T11:14:56Z
a86972014275e072,The First Hostage (J.B. Collins #2),Fiction,25.85,GBP,3,yes,14,https://books.toscrape.com/catalogue/the-first-hostage-jb-collins-2_749/index.html,2026-09-17T11:14:57Z
3d76bc83c6b644c9,The Dovekeepers,Add a comment,48.78,GBP,1,yes,14,https://books.toscrape.com/catalogue/the-dovekeepers_748/index.html,2026-09-17T11:14:58Z
6edacfd1f8ebb9eb,The Darkest Lie,Young Adult,35.35,GBP,5,yes,14,https://books.toscrape.com/catalogue/the-darkest-lie_747/index.html,2026-09-17T11:14:59Z
dc6f688b82e42a5b,The Bane Chronicles (The Bane Chronicles #1-11),Fantasy,44.73,GBP,4,yes,14,https://books.toscrape.com/catalogue/the-bane-chronicles-the-bane-chronicles-1-11_746/index.html,2026-09-17T11:15:00Z
923831a05c9f91f7,The Bad-Ass Librarians of Timbuktu: And Their Race to Save the World’s Most Precious Manuscripts,Nonfiction,15.77,GBP,1,yes,14,https://books.toscrape.com/catalogue/the-bad-ass-librarians-of-timbuktu-and-their-race-to-save-the-worlds-most-precious-manuscripts_745/index.html,2026-09-17T11:15:02Z
1b8187fa4bf6ab05,The 14th Colony (Cotton Malone #11),Thriller,39.24,GBP,1,yes,14,https://books.toscrape.com/catalogue/the-14th-colony-cotton-malone-11_744/index.html,2026-09-17T11:15:03Z
0c7b9cf2b7662b65,That Darkness (Gardiner and Renner #1),Mystery,13.92,GBP,1,yes,14,https://books.toscrape.com/catalogue/that-darkness-gardiner-and-renner-1_743/index.html,2026-09-17T11:15:04Z
2d1e337aaf341858,Tastes Like Fear (DI Marnie Rome #3),Mystery,10.69,GBP,1,yes,14,https://books.toscrape.com/catalogue/tastes-like-fear-di-marnie-rome-3_742/index.html,2026-09-17T11:15:05Z
2c04320e110a14a3,Take Me with You,Fiction,45.21,GBP,3,yes,14,https://books.toscrape.com/catalogue/take-me-with-you_741/index.html,2026-09-17T11:15:06Z
4c8b7540409da4ac,Swell: A Year of Waves,Nonfiction,45.58,GBP,1,yes,14,https://books.toscrape.com/catalogue/swell-a-year-of-waves_740/index.html,2026-09-17T11:15:09Z
ac8e3949d284e9a9,Superman Vol. 1: Before Truth (Superman by Gene Luen Yang #1),Sequential Art,11.89,GBP,5,yes,14,https://books.toscrape.com/catalogue/superman-vol-1-before-truth-superman-by-gene-luen-yang-1_739/index.html,2026-09-17T11:15:10Z
fe44cc816576c652,Still Life with Bread Crumbs,Fiction,26.41,GBP,3,yes,14,https://books.toscrape.com/catalogue/still-life-with-bread-crumbs_738/index.html,2026-09-17T11:15:11Z
95019eac1c0a052f,Steve Jobs,Default,39.5,GBP,5,yes,14,https://books.toscrape.com/catalogue/steve-jobs_737/index.html,2026-09-17T11:15:12Z
3edcccc4f341fb1a,Sorting the Beef from the Bull: The Science of Food Fraud Forensics,Science,44.74,GBP,4,yes,14,https://books.toscrape.com/catalogue/sorting-the-beef-from-the-bull-the-science-of-food-fraud-forensics_736/index.html,2026-09-17T11:15:13Z
a278db6b2b09cf9f,Someone Like You (The Harrisons #2),Contemporary,52.79,GBP,5,yes,14,https://books.toscrape.com/catalogue/someone-like-you-the-harrisons-2_735/index.html,2026-09-17T11:15:14Z
394f6d30cafc3edb,"So Cute It Hurts!!, Vol. 6 (So Cute It Hurts!! #6)",Sequential Art,35.43,GBP,4,yes,14,https://books.toscrape.com/catalogue/so-cute-it-hurts-vol-6-so-cute-it-hurts-6_734/index.html,2026-09-17T11:15:15Z
830fb3967c74866d,Shtum,Fiction,55.84,GBP,4,yes,14,https://books.toscrape.com/catalogue/shtum_733/index.html,2026-09-17T11:15:16Z
f9705c362f070608,See America: A Celebration of Our National Parks & Treasured Sites,Travel,48.87,GBP,3,yes,14,https://books.toscrape.com/catalogue/see-america-a-celebration-of-our-national-parks-treasured-sites_732/index.html,2026-09-17T11:15:18Z
86cbddb61ea78bb7,salt.,Poetry,46.78,GBP,4,yes,14,https://books.toscrape.com/catalogue/salt_731/index.html,2026-09-17T11:15:19Z
85b2176b3b194030,Robin War,Sequential Art,47.82,GBP,3,yes,14,https://books.toscrape.com/catalogue/robin-war_730/index.html,2026-09-17T11:15:20Z
31e2e2d9cca3778f,"Red Hood/Arsenal, Vol. 1: Open for Business (Red Hood/Arsenal #1)",Sequential Art,25.48,GBP,2,yes,14,https://books.toscrape.com/catalogue/red-hoodarsenal-vol-1-open-for-business-red-hoodarsenal-1_729/index.html,2026-09-17T11:15:21Z
a6454e329f872b78,Rain Fish,Childrens,23.57,GBP,3,yes,14,https://books.toscrape.com/catalogue/rain-fish_728/index.html,2026-09-17T11:15:22Z
aa35446aab16017f,"Quarter Life Poetry: Poems for the Young, Broke and Hangry",Poetry,50.89,GBP,5,yes,14,https://books.toscrape.com/catalogue/quarter-life-poetry-poems-for-the-young-broke-and-hangry_727/index.html,2026-09-17T11:15:23Z
af58a74e4b2a23a0,Pet Sematary,Horror,10.56,GBP,3,yes,14,https://books.toscrape.com/catalogue/pet-sematary_726/index.html,2026-09-17T11:15:24Z
8ecf0356a3878811,"Overload: How to Unplug, Unwind, and Unleash Yourself from the Pressure of Stress",Self Help,52.15,GBP,3,yes,14,https://books.toscrape.com/catalogue/overload-how-to-unplug-unwind-and-unleash-yourself-from-the-pressure-of-stress_725/index.html,2026-09-17T11:15:26Z
e34efcc824685332,Once Was a Time,Childrens,18.28,GBP,2,yes,14,https://books.toscrape.com/catalogue/once-was-a-time_724/index.html,2026-09-17T11:15:27Z
02b74068fa98d8a4,Old School (Diary of a Wimpy Kid #10),Humor,11.83,GBP,5,yes,14,https://books.toscrape.com/catalogue/old-school-diary-of-a-wimpy-kid-10_723/index.html,2026-09-17T11:15:28Z
132ec5e8c984adef,No Dream Is Too High: Life Lessons From a Man Who Walked on the Moon,Nonfiction,21.95,GBP,2,yes,14,https://books.toscrape.com/catalogue/no-dream-is-too-high-life-lessons-from-a-man-who-walked-on-the-moon_722/index.html,2026-09-17T11:15:29Z
71e36f33981ddb74,"Naruto (3-in-1 Edition), Vol. 14: Includes Vols. 40, 41 & 42 (Naruto: Omnibus #14)",Sequential Art,38.39,GBP,2,yes,14,https://books.toscrape.com/catalogue/naruto-3-in-1-edition-vol-14-includes-vols-40-41-42-naruto-omnibus-14_721/index.html,2026-09-17T11:15:30Z
727bf2b86b19ad88,My Name Is Lucy Barton,Fiction,41.56,GBP,1,yes,14,https://books.toscrape.com/catalogue/my-name-is-lucy-barton_720/index.html,2026-09-17T11:15:33Z
cc82685d9f49bc2c,My Mrs. Brown,Fiction,24.48,GBP,3,yes,14,https://books.toscrape.com/catalogue/my-mrs-brown_719/index.html,2026-09-17T11:15:34Z
137b0b2775701e11,My Kind of Crazy,Young Adult,40.36,GBP,1,yes,14,https://books.toscrape.com/catalogue/my-kind-of-crazy_718/index.html,2026-09-17T11:15:35Z
caa2e5b3fb1b2d4c,Mr. Mercedes (Bill Hodges Trilogy #1),Fiction,28.9,GBP,1,yes,14,https://books.toscrape.com/catalogue/mr-mercedes-bill-hodges-trilogy-1_717/index.html,2026-09-17T11:15:36Z
47d47155e89c8be7,More Than Music (Chasing the Dream #1),Add a comment,37.61,GBP,2,yes,14,https://books.toscrape.com/catalogue/more-than-music-chasing-the-dream-1_716/index.html,2026-09-17T11:15:37Z
b96fc7a0ea7d4b45,Made to Stick: Why Some Ideas Survive and Others Die,Business,38.85,GBP,5,yes,14,https://books.toscrape.com/catalogue/made-to-stick-why-some-ideas-survive-and-others-die_715/index.html,2026-09-17T11:15:38Z
5b43cae640f2338a,Luis Paints the World,Childrens,53.95,GBP,3,yes,14,https://books.toscrape.com/catalogue/luis-paints-the-world_714/index.html,2026-09-17T11:15:39Z
d512871626a5e588,Luckiest Girl Alive,Default,49.83,GBP,3,yes,14,https://books.toscrape.com/catalogue/luckiest-girl-alive_713/index.html,2026-09-17T11:15:41Z
a10c7515834240f3,Lowriders to the Center of the Earth (Lowriders in Space #2),Sequential Art,51.51,GBP,2,yes,14,https://books.toscrape.com/catalogue/lowriders-to-the-center-of-the-earth-lowriders-in-space-2_712/index.html,2026-09-17T11:15:42Z
adb5f51c2e2ab13f,Love Is a Mix Tape (Music #1),Music,18.03,GBP,1,yes,14,https://books.toscrape.com/catalogue/love-is-a-mix-tape-music-1_711/index.html,2026-09-17T11:15:43Z
24af96df0bafb925,Looking for Lovely: Collecting the Moments that Matter,Nonfiction,29.14,GBP,5,yes,14,https://books.toscrape.com/catalogue/looking-for-lovely-collecting-the-moments-that-matter_710/index.html,2026-09-17T11:15:44Z
17fb5a88180f9904,"Living Leadership by Insight: A Good Leader Achieves, a Great Leader Builds Monuments",Default,46.91,GBP,4,yes,14,https://books.toscrape.com/catalogue/living-leadership-by-insight-a-good-leader-achieves-a-great-leader-builds-monuments_709/index.html,2026-09-17T11:15:45Z
1174156c4a0eccaa,Let It Out: A Journey Through Journaling,Nonfiction,26.79,GBP,5,yes,14,https://books.toscrape.com/catalogue/let-it-out-a-journey-through-journaling_708/index.html,2026-09-17T11:15:46Z
708345c9897fd7c5,Lady Midnight (The Dark Artifices #1),Default,16.28,GBP,5,yes,14,https://books.toscrape.com/catalogue/lady-midnight-the-dark-artifices-1_707/index.html,2026-09-17T11:15:47Z
245e6bf08b8d2955,"It's All Easy: Healthy, Delicious Weeknight Meals in under 30 Minutes",Food and Drink,19.55,GBP,1,yes,14,https://books.toscrape.com/catalogue/its-all-easy-healthy-delicious-weeknight-meals-in-under-30-minutes_706/index.html,2026-09-17T11:15:49Z
2b52334fab158861,Island of Dragons (Unwanteds #7),Fantasy,29.65,GBP,1,yes,14,https://books.toscrape.com/catalogue/island-of-dragons-unwanteds-7_705/index.html,2026-09-17T11:15:50Z
b8a8ff84233f0570,I Know What I'm Doing -- and Other Lies I Tell Myself: Dispatches from a Life Under Construction,Humor,25.98,GBP,4,yes,14,https://books.toscrape.com/catalogue/i-know-what-im-doing-and-other-lies-i-tell-myself-dispatches-from-a-life-under-construction_704/index.html,2026-09-17T11:15:51Z
aeff7b87a8e83ebb,I Am Pilgrim (Pilgrim #1),Fiction,10.6,GBP,4,yes,14,https://books.toscrape.com/catalogue/i-am-pilgrim-pilgrim-1_703/index.html,2026-09-17T11:15:52Z
fbb21a2f71f4d981,"Hyperbole and a Half: Unfortunate Situations, Flawed Coping Mechanisms, Mayhem, and Other Things That Happened",Humor,14.75,GBP,5,yes,14,https://books.toscrape.com/catalogue/hyperbole-and-a-half-unfortunate-situations-flawed-coping-mechanisms-mayhem-and-other-things-that-happened_702/index.html,2026-09-17T11:15:53Z
6b6cd77fbc91b7a6,"Hush, Hush (Hush, Hush #1)",Default,47.02,GBP,3,yes,14,https://books.toscrape.com/catalogue/hush-hush-hush-hush-1_701/index.html,2026-09-17T11:15:54Z
0b165bd4b9f42fd5,Hold Your Breath (Search and Rescue #1),Romance,28.82,GBP,1,yes,14,https://books.toscrape.com/catalogue/hold-your-breath-search-and-rescue-1_700/index.html,2026-09-17T11:15:57Z
afa829857f82f99e,Hamilton: The Revolution,Nonfiction,58.79,GBP,3,yes,14,https://books.toscrape.com/catalogue/hamilton-the-revolution_699/index.html,2026-09-17T11:15:58Z
f201f263d8c23f97,Greek Mythic History,Default,10.23,GBP,5,yes,14,https://books.toscrape.com/catalogue/greek-mythic-history_698/index.html,2026-09-17T11:15:59Z
eec424a84c9e4c68,God: The Most Unpleasant Character in All Fiction,Religion,30.03,GBP,5,yes,14,https://books.toscrape.com/catalogue/god-the-most-unpleasant-character-in-all-fiction_697/index.html,2026-09-17T11:16:00Z
de4b403cb629a29f,Glory over Everything: Beyond The Kitchen House,Historical Fiction,45.84,GBP,3,yes,14,https://books.toscrape.com/catalogue/glory-over-everything-beyond-the-kitchen-house_696/index.html,2026-09-17T11:16:01Z
9194ae88379dbf1a,Feathers: Displays of Brilliant Plumage,Art,49.05,GBP,3,yes,14,https://books.toscrape.com/catalogue/feathers-displays-of-brilliant-plumage_695/index.html,2026-09-17T11:16:02Z
ac4dde0d1be05de0,"Far & Away: Places on the Brink of Change: Seven Continents, Twenty-Five Years",Nonfiction,15.06,GBP,4,yes,14,https://books.toscrape.com/catalogue/far-away-places-on-the-brink-of-change-seven-continents-twenty-five-years_694/index.html,2026-09-17T11:16:04Z
a2bd4ca82d908442,Every Last Word,Default,46.47,GBP,3,yes,14,https://books.toscrape.com/catalogue/every-last-word_693/index.html,2026-09-17T11:16:05Z
9eaf58b03a2779cc,Eligible (The Austen Project #4),Fiction,27.09,GBP,3,yes,14,https://books.toscrape.com/catalogue/eligible-the-austen-project-4_692/index.html,2026-09-17T11:16:06Z
27c5968fe43cc06e,El Deafo,Sequential Art,57.62,GBP,5,yes,14,https://books.toscrape.com/catalogue/el-deafo_691/index.html,2026-09-17T11:16:07Z
1d6dd0c87d90fe92,Eight Hundred Grapes,Fiction,14.39,GBP,4,yes,14,https://books.toscrape.com/catalogue/eight-hundred-grapes_690/index.html,2026-09-17T11:16:08Z
a01f6d368ef64dc5,"Eaternity: More than 150 Deliciously Easy Vegan Recipes for a Long, Healthy, Satisfied, Joyful Life",Nonfiction,51.75,GBP,5,yes,14,https://books.toscrape.com/catalogue/eaternity-more-than-150-deliciously-easy-vegan-recipes-for-a-long-healthy-satisfied-joyful-life_689/index.html,2026-09-17T11:16:09Z
047dfa57ba0bf638,"Eat Fat, Get Thin",Health,54.07,GBP,2,yes,14,https://books.toscrape.com/catalogue/eat-fat-get-thin_688/index.html,2026-09-17T11:16:10Z
ad2887ce04583910,Don't Get Caught,Young Adult,55.35,GBP,1,yes,14,https://books.toscrape.com/catalogue/dont-get-caught_687/index.html,2026-09-17T11:16:11Z
bf5de316a5e9a4ab,Doctor Sleep (The Shining #2),Horror,40.12,GBP,2,yes,14,https://books.toscrape.com/catalogue/doctor-sleep-the-shining-2_686/index.html,2026-09-17T11:16:13Z
3c6fe637a0180b01,Demigods & Magicians: Percy and Annabeth Meet the Kanes (Percy Jackson & Kane Chronicles Crossover #1-3),Fantasy,37.51,GBP,5,yes,14,https://books.toscrape.com/catalogue/demigods-magicians-percy-and-annabeth-meet-the-kanes-percy-jackson-kane-chronicles-crossover-1-3_685/index.html,2026-09-17T11:16:14Z
94a958ea126cdcd5,Dear Mr. Knightley,Fiction,11.21,GBP,5,yes,14,https://books.toscrape.com/catalogue/dear-mr-knightley_684/index.html,2026-09-17T11:16:15Z
0e94a089328be4bc,Daily Fantasy Sports,Default,36.58,GBP,1,yes,14,https://books.toscrape.com/catalogue/daily-fantasy-sports_683/index.html,2026-09-17T11:16:16Z
4b9d9cfe0f435788,Crazy Love: Overwhelmed by a Relentless God,Christian,47.72,GBP,2,yes,14,https://books.toscrape.com/catalogue/crazy-love-overwhelmed-by-a-relentless-god_682/index.html,2026-09-17T11:16:17Z
28cf0d1c51b491e5,Cometh the Hour (The Clifton Chronicles #6),Fiction,25.01,GBP,3,yes,14,https://books.toscrape.com/catalogue/cometh-the-hour-the-clifton-chronicles-6_681/index.html,2026-09-17T11:16:18Z
33a3e0e3ffde0dcd,Code Name Verity (Code Name Verity #1),Add a comment,22.13,GBP,4,yes,14,https://books.toscrape.com/catalogue/code-name-verity-code-name-verity-1_680/index.html,2026-09-17T11:16:21Z
42b0c50fc44140ec,Clockwork Angel (The Infernal Devices #1),Default,44.14,GBP,1,yes,14,https://books.toscrape.com/catalogue/clockwork-angel-the-infernal-devices-1_679/index.html,2026-09-17T11:16:22Z
966ebb738e0f9d9b,City of Glass (The Mortal Instruments #3),Fantasy,56.02,GBP,4,yes,14,https://books.toscrape.com/catalogue/city-of-glass-the-mortal-instruments-3_678/index.html,2026-09-17T11:16:23Z
1e264c677d4ee4ae,City of Fallen Angels (The Mortal Instruments #4),Default,11.23,GBP,4,yes,14,https://books.toscrape.com/catalogue/city-of-fallen-angels-the-mortal-instruments-4_677/index.html,2026-09-17T11:16:24Z
5b987e54ee72525c,City of Bones (The Mortal Instruments #1),Default,43.28,GBP,1,yes,14,https://books.toscrape.com/catalogue/city-of-bones-the-mortal-instruments-1_676/index.html,2026-09-17T11:16:25Z
8a6ec2761f91dad2,City of Ashes (The Mortal Instruments #2),Default,47.27,GBP,1,yes,14,https://books.toscrape.com/catalogue/city-of-ashes-the-mortal-instruments-2_675/index.html,2026-09-17T11:16:26Z
bfbb54bc8cdeed2b,Cell,Add a comment,20.29,GBP,4,yes,14,https://books.toscrape.com/catalogue/cell_674/index.html,2026-09-17T11:16:28Z
e2e7b683b4c15b7d,Catching Jordan (Hundred Oaks),Young Adult,50.83,GBP,3,yes,14,https://books.toscrape.com/catalogue/catching-jordan-hundred-oaks_673/index.html,2026-09-17T11:16:29Z
1b0fc9f777cad045,"Carry On, Warrior: Thoughts on Life Unarmed",Default,31.85,GBP,3,yes,14,https://books.toscrape.com/catalogue/carry-on-warrior-thoughts-on-life-unarmed_672/index.html,2026-09-17T11:16:30Z
5f22418922fa728b,Carrie,Default,46.23,GBP,2,yes,14,https://books.toscrape.com/catalogue/carrie_671/index.html,2026-09-17T11:16:31Z
16ef91b9d827859c,Buying In: The Secret Dialogue Between What We Buy and Who We Are,Nonfiction,37.8,GBP,4,yes,14,https://books.toscrape.com/catalogue/buying-in-the-secret-dialogue-between-what-we-buy-and-who-we-are_670/index.html,2026-09-17T11:16:32Z
a80f66b254fe9eb3,Brain on Fire: My Month of Madness,Nonfiction,49.32,GBP,5,yes,14,https://books.toscrape.com/catalogue/brain-on-fire-my-month-of-madness_669/index.html,2026-09-17T11:16:33Z
bf68dcb5fad3cc8c,Batman: Europa,Sequential Art,32.01,GBP,2,yes,14,https://books.toscrape.com/catalogue/batman-europa_668/index.html,2026-09-17T11:16:34Z
999912e63a3262ae,Barefoot Contessa Back to Basics,Food and Drink,28.01,GBP,1,yes,14,https://books.toscrape.com/catalogue/barefoot-contessa-back-to-basics_667/index.html,2026-09-17T11:16:36Z
0e0da9192a025efc,Barefoot Contessa at Home: Everyday Recipes You'll Make Over and Over Again,Food and Drink,50.62,GBP,5,yes,14,https://books.toscrape.com/catalogue/barefoot-contessa-at-home-everyday-recipes-youll-make-over-and-over-again_666/index.html,2026-09-17T11:16:37Z
9b65f676984c9f0c,Balloon Animals,Fiction,17.03,GBP,3,yes,14,https://books.toscrape.com/catalogue/balloon-animals_665/index.html,2026-09-17T11:16:38Z
ffdc825785c0ede8,Art Ops Vol. 1,Sequential Art,48.8,GBP,3,yes,14,https://books.toscrape.com/catalogue/art-ops-vol-1_664/index.html,2026-09-17T11:16:39Z
41164b8ac02a2c42,Aristotle and Dante Discover the Secrets of the Universe (Aristotle and Dante Discover the Secrets of the Universe #1),Young Adult,58.14,GBP,4,yes,14,https://books.toscrape.com/catalogue/aristotle-and-dante-discover-the-secrets-of-the-universe-aristotle-and-dante-discover-the-secrets-of-the-universe-1_663/index.html,2026-09-17T11:16:40Z
1fbb5f786e53a0ce,Angels Walking (Angels Walking #1),Add a comment,34.2,GBP,2,yes,14,https://books.toscrape.com/catalogue/angels-walking-angels-walking-1_662/index.html,2026-09-17T11:16:41Z
ad41c24ccac0c7ce,Angels & Demons (Robert Langdon #1),Default,51.48,GBP,3,yes,14,https://books.toscrape.com/catalogue/angels-demons-robert-langdon-1_661/index.html,2026-09-17T11:16:42Z
39861fc1c0845d15,All the Light We Cannot See,Historical,29.87,GBP,5,yes,14,https://books.toscrape.com/catalogue/all-the-light-we-cannot-see_660/index.html,2026-09-17T11:16:45Z
5319169a72714c62,"Adulthood Is a Myth: A ""Sarah's Scribbles"" Collection",Sequential Art,10.9,GBP,2,yes,14,https://books.toscrape.com/catalogue/adulthood-is-a-myth-a-sarahs-scribbles-collection_659/index.html,2026-09-17T11:16:46Z
cf1aa2fc02a7d1e0,Abstract City,Nonfiction,56.37,GBP,5,yes,14,https://books.toscrape.com/catalogue/abstract-city_658/index.html,2026-09-17T11:16:47Z
4416c474713ec1f5,A Time of Torment (Charlie Parker #14),Mystery,48.35,GBP,5,yes,14,https://books.toscrape.com/catalogue/a-time-of-torment-charlie-parker-14_657/index.html,2026-09-17T11:16:48Z
63ee5bc46066a8a8,A Study in Scarlet (Sherlock Holmes #1),Mystery,16.73,GBP,2,yes,14,https://books.toscrape.com/catalogue/a-study-in-scarlet-sherlock-holmes-1_656/index.html,2026-09-17T11:16:49Z
c1379d3744f1dd2c,"A Series of Catastrophes and Miracles: A True Story of Love, Science, and Cancer",Add a comment,56.48,GBP,2,yes,14,https://books.toscrape.com/catalogue/a-series-of-catastrophes-and-miracles-a-true-story-of-love-science-and-cancer_655/index.html,2026-09-17T11:16:51Z
1ad06aed9349af46,A People's History of the United States,Add a comment,40.79,GBP,2,yes,14,https://books.toscrape.com/catalogue/a-peoples-history-of-the-united-states_654/index.html,2026-09-17T11:16:52Z
8682c03de6a844ff,A Man Called Ove,Fiction,39.72,GBP,1,yes,14,https://books.toscrape.com/catalogue/a-man-called-ove_653/index.html,2026-09-17T11:16:53Z
d5e0526e1ab682a3,A Distant Mirror: The Calamitous 14th Century,History,14.58,GBP,3,yes,14,https://books.toscrape.com/catalogue/a-distant-mirror-the-calamitous-14th-century_652/index.html,2026-09-17T11:16:54Z
01a177623cce9596,A Brush of Wings (Angels Walking #3),Add a comment,55.51,GBP,1,yes,14,https://books.toscrape.com/catalogue/a-brush-of-wings-angels-walking-3_651/index.html,2026-09-17T11:16:55Z
6e8e5626ac4d279e,1491: New Revelations of the Americas Before Columbus,History,21.8,GBP,3,yes,14,https://books.toscrape.com/catalogue/1491-new-revelations-of-the-americas-before-columbus_650/index.html,2026-09-17T11:16:56Z
ac5e0d3938caf686,"The Three Searches, Meaning, and the Story",Default,13.33,GBP,3,yes,13,https://books.toscrape.com/catalogue/the-three-searches-meaning-and-the-story_649/index.html,2026-09-17T11:16:57Z
2f0213137a80d485,Searching for Meaning in Gailana,Fantasy,38.73,GBP,1,yes,13,https://books.toscrape.com/catalogue/searching-for-meaning-in-gailana_648/index.html,2026-09-17T11:16:59Z
44d97b6707dae3f0,Rook,Add a comment,37.86,GBP,4,yes,13,https://books.toscrape.com/catalogue/rook_647/index.html,2026-09-17T11:17:00Z
8bbd7df8a324f31d,My Kitchen Year: 136 Recipes That Saved My Life,Food and Drink,11.53,GBP,2,yes,13,https://books.toscrape.com/catalogue/my-kitchen-year-136-recipes-that-saved-my-life_646/index.html,2026-09-17T11:17:01Z
4be9d1910f8a4e80,13 Hours: The Inside Account of What Really Happened In Benghazi,Nonfiction,27.06,GBP,1,yes,13,https://books.toscrape.com/catalogue/13-hours-the-inside-account-of-what-really-happened-in-benghazi_645/index.html,2026-09-17T11:17:02Z
077b635ff2afc578,Will You Won't You Want Me?,Womens Fiction,13.86,GBP,3,yes,12,https://books.toscrape.com/catalogue/will-you-wont-you-want-me_644/index.html,2026-09-17T11:17:03Z
148715df5a02ea5e,Tipping Point for Planet Earth: How Close Are We to the Edge?,Science,37.55,GBP,1,yes,12,https://books.toscrape.com/catalogue/tipping-point-for-planet-earth-how-close-are-we-to-the-edge_643/index.html,2026-09-17T11:17:04Z
4a7a25be293ad678,The Star-Touched Queen,Fantasy,32.3,GBP,5,yes,12,https://books.toscrape.com/catalogue/the-star-touched-queen_642/index.html,2026-09-17T11:17:05Z
ce1ae197ada2aec4,The Silent Sister (Riley MacPherson #1),Fiction,46.29,GBP,5,yes,12,https://books.toscrape.com/catalogue/the-silent-sister-riley-macpherson-1_641/index.html,2026-09-17T11:17:06Z
14e44163678e24dc,The Midnight Watch: A Novel of the Titanic and the Californian,Add a comment,26.2,GBP,1,yes,12,https://books.toscrape.com/catalogue/the-midnight-watch-a-novel-of-the-titanic-and-the-californian_640/index.html,2026-09-17T11:17:09Z
582a21a1dbbef3cf,The Lonely City: Adventures in the Art of Being Alone,Nonfiction,33.26,GBP,2,yes,12,https://books.toscrape.com/catalogue/the-lonely-city-adventures-in-the-art-of-being-alone_639/index.html,2026-09-17T11:17:10Z
3063c7e95d0bf76f,The Gray Rhino: How to Recognize and Act on the Obvious Dangers We Ignore,Add a comment,59.15,GBP,4,yes,12,https://books.toscrape.com/catalogue/the-gray-rhino-how-to-recognize-and-act-on-the-obvious-dangers-we-ignore_638/index.html,2026-09-17T11:17:11Z
235fa48eeed11d82,The Golden Condom: And Other Essays on Love Lost and Found,Psychology,39.43,GBP,1,yes,12,https://books.toscrape.com/catalogue/the-golden-condom-and-other-essays-on-love-lost-and-found_637/index.html,2026-09-17T11:17:12Z
f732d7d18a91d2ba,The Epidemic (The Program 0.6),Young Adult,14.44,GBP,5,yes,12,https://books.toscrape.com/catalogue/the-epidemic-the-program-06_636/index.html,2026-09-17T11:17:13Z
c6ca293d4810e0d5,The Dinner Party,Fiction,56.54,GBP,2,yes,12,https://books.toscrape.com/catalogue/the-dinner-party_635/index.html,2026-09-17T11:17:15Z
54fc03f1e1d355db,The Diary of a Young Girl,Nonfiction,59.9,GBP,3,yes,12,https://books.toscrape.com/catalogue/the-diary-of-a-young-girl_634/index.html,2026-09-17T11:17:16Z
64fd010bf8d15096,The Children,Add a comment,11.88,GBP,3,yes,12,https://books.toscrape.com/catalogue/the-children_633/index.html,2026-09-17T11:17:17Z
b63ea3f7a57ae099,Stars Above (The Lunar Chronicles #4.5),Young Adult,48.05,GBP,2,yes,12,https://books.toscrape.com/catalogue/stars-above-the-lunar-chronicles-45_632/index.html,2026-09-17T11:17:18Z
f40fea200e0c644f,Snatched: How A Drug Queen Went Undercover for the DEA and Was Kidnapped By Colombian Guerillas,Nonfiction,21.21,GBP,3,yes,12,https://books.toscrape.com/catalogue/snatched-how-a-drug-queen-went-undercover-for-the-dea-and-was-kidnapped-by-colombian-guerillas_631/index.html,2026-09-17T11:17:19Z
ebf81a62e4798fd1,Raspberry Pi Electronics Projects for the Evil Genius,Default,49.67,GBP,4,yes,12,https://books.toscrape.com/catalogue/raspberry-pi-electronics-projects-for-the-evil-genius_630/index.html,2026-09-17T11:17:20Z
8976d9161c027142,Quench Your Own Thirst: Business Lessons Learned Over a Beer or Two,Business,43.14,GBP,1,yes,12,https://books.toscrape.com/catalogue/quench-your-own-thirst-business-lessons-learned-over-a-beer-or-two_629/index.html,2026-09-17T11:17:21Z
b8d7b3f5c7a95d65,Psycho: Sanitarium (Psycho #1.5),Horror,36.97,GBP,5,yes,12,https://books.toscrape.com/catalogue/psycho-sanitarium-psycho-15_628/index.html,2026-09-17T11:17:22Z
abdd91e96515a617,Poisonous (Max Revere Novels #3),Mystery,26.8,GBP,3,yes,12,https://books.toscrape.com/catalogue/poisonous-max-revere-novels-3_627/index.html,2026-09-17T11:17:24Z
81ef44fcc5f454df,One with You (Crossfire #5),Add a comment,15.71,GBP,4,yes,12,https://books.toscrape.com/catalogue/one-with-you-crossfire-5_626/index.html,2026-09-17T11:17:25Z
db84624b151cbe06,No Love Allowed (Dodge Cove #1),Young Adult,54.65,GBP,4,yes,12,https://books.toscrape.com/catalogue/no-love-allowed-dodge-cove-1_625/index.html,2026-09-17T11:17:26Z
e7fe3bf2768602cf,Murder at the 42nd Street Library (Raymond Ambler #1),Mystery,54.36,GBP,4,yes,12,https://books.toscrape.com/catalogue/murder-at-the-42nd-street-library-raymond-ambler-1_624/index.html,2026-09-17T11:17:27Z
c039f5aceb093537,Most Wanted,Mystery,35.28,GBP,3,yes,12,https://books.toscrape.com/catalogue/most-wanted_623/index.html,2026-09-17T11:17:28Z
9546d537fbf99eb6,"Love, Lies and Spies",Historical Fiction,20.55,GBP,2,yes,12,https://books.toscrape.com/catalogue/love-lies-and-spies_622/index.html,2026-09-17T11:17:29Z
b978c9852cde91bd,How to Speak Golf: An Illustrated Guide to Links Lingo,Default,58.32,GBP,5,yes,12,https://books.toscrape.com/catalogue/how-to-speak-golf-an-illustrated-guide-to-links-lingo_621/index.html,2026-09-17T11:17:31Z
bddc6fd036eb6279,Hide Away (Eve Duncan #20),Mystery,11.84,GBP,1,yes,12,https://books.toscrape.com/catalogue/hide-away-eve-duncan-20_620/index.html,2026-09-17T11:17:33Z
c6a29d6df8de968c,Furiously Happy: A Funny Book About Horrible Things,Nonfiction,41.46,GBP,4,yes,12,https://books.toscrape.com/catalogue/furiously-happy-a-funny-book-about-horrible-things_619/index.html,2026-09-17T11:17:34Z
76319fe9d8b465a3,Everyday Italian: 125 Simple and Delicious Recipes,Food and Drink,20.1,GBP,5,yes,12,https://books.toscrape.com/catalogue/everyday-italian-125-simple-and-delicious-recipes_618/index.html,2026-09-17T11:17:35Z
3968e3fbf4695d7c,Equal Is Unfair: America's Misguided Fight Against Income Inequality,Politics,56.86,GBP,1,yes,12,https://books.toscrape.com/catalogue/equal-is-unfair-americas-misguided-fight-against-income-inequality_617/index.html,2026-09-17T11:17:36Z
6983328f15506cb9,Eleanor & Park,Default,56.51,GBP,5,yes,12,https://books.toscrape.com/catalogue/eleanor-park_616/index.html,2026-09-17T11:17:37Z
df7e628bad5782b4,Dirty (Dive Bar #1),Romance,40.83,GBP,4,yes,12,https://books.toscrape.com/catalogue/dirty-dive-bar-1_615/index.html,2026-09-17T11:17:38Z
d069086944f2e330,Can You Keep a Secret? (Fear Street Relaunch #4),Horror,48.64,GBP,1,yes,12,https://books.toscrape.com/catalogue/can-you-keep-a-secret-fear-street-relaunch-4_614/index.html,2026-09-17T11:17:40Z
49b24c6a41b82bd2,Boar Island (Anna Pigeon #19),Mystery,59.48,GBP,3,yes,12,https://books.toscrape.com/catalogue/boar-island-anna-pigeon-19_613/index.html,2026-09-17T11:17:41Z
63343e287971bb0c,A Paris Apartment,Historical Fiction,39.01,GBP,4,yes,12,https://books.toscrape.com/catalogue/a-paris-apartment_612/index.html,2026-09-17T11:17:42Z
a4eef523118805ef,"A la Mode: 120 Recipes in 60 Pairings: Pies, Tarts, Cakes, Crisps, and More Topped with Ice Cream, Gelato, Frozen Custard, and More",Food and Drink,38.77,GBP,1,yes,12,https://books.toscrape.com/catalogue/a-la-mode-120-recipes-in-60-pairings-pies-tarts-cakes-crisps-and-more-topped-with-ice-cream-gelato-frozen-custard-and-more_611/index.html,2026-09-17T11:17:43Z
515cb8fcafb1ad98,Troublemaker: Surviving Hollywood and Scientology,Default,48.39,GBP,2,yes,11,https://books.toscrape.com/catalogue/troublemaker-surviving-hollywood-and-scientology_610/index.html,2026-09-17T11:17:44Z
6159d8b187831770,The Widow,Mystery,27.26,GBP,2,yes,11,https://books.toscrape.com/catalogue/the-widow_609/index.html,2026-09-17T11:17:45Z
985991708c47003e,"The Sleep Revolution: Transforming Your Life, One Night at a Time",Nonfiction,11.68,GBP,4,yes,11,https://books.toscrape.com/catalogue/the-sleep-revolution-transforming-your-life-one-night-at-a-time_608/index.html,2026-09-17T11:17:46Z
437d8dea9272d0a9,The Improbability of Love,Fiction,59.45,GBP,1,yes,11,https://books.toscrape.com/catalogue/the-improbability-of-love_607/index.html,2026-09-17T11:17:48Z
1c584f82a7a1c4f0,The Art of Startup Fundraising,Business,21.0,GBP,3,yes,11,https://books.toscrape.com/catalogue/the-art-of-startup-fundraising_606/index.html,2026-09-17T11:17:49Z
cf62fa272b5f0fa3,Take Me Home Tonight (Rock Star Romance #3),Romance,53.98,GBP,3,yes,11,https://books.toscrape.com/catalogue/take-me-home-tonight-rock-star-romance-3_605/index.html,2026-09-17T11:17:50Z
f435aa99d864077d,Sleeping Giants (Themis Files #1),Science Fiction,48.74,GBP,1,yes,11,https://books.toscrape.com/catalogue/sleeping-giants-themis-files-1_604/index.html,2026-09-17T11:17:51Z
b06599b108e83f98,"Setting the World on Fire: The Brief, Astonishing Life of St. Catherine of Siena",Biography,21.15,GBP,2,yes,11,https://books.toscrape.com/catalogue/setting-the-world-on-fire-the-brief-astonishing-life-of-st-catherine-of-siena_603/index.html,2026-09-17T11:17:52Z
05a61a3bd8ca4149,Playing with Fire,Mystery,13.71,GBP,3,yes,11,https://books.toscrape.com/catalogue/playing-with-fire_602/index.html,2026-09-17T11:17:53Z
b783ce08802cd1d1,Off the Hook (Fishing for Trouble #1),Romance,47.67,GBP,3,yes,11,https://books.toscrape.com/catalogue/off-the-hook-fishing-for-trouble-1_601/index.html,2026-09-17T11:17:54Z
47e1b2d43f709995,Mothering Sunday,Fiction,13.34,GBP,2,yes,11,https://books.toscrape.com/catalogue/mothering-sunday_600/index.html,2026-09-17T11:17:57Z
28b2df9fadc9f07e,"Mother, Can You Not?",Nonfiction,16.89,GBP,5,yes,11,https://books.toscrape.com/catalogue/mother-can-you-not_599/index.html,2026-09-17T11:17:58Z
5569c3fea112718e,M Train,Autobiography,27.18,GBP,1,yes,11,https://books.toscrape.com/catalogue/m-train_598/index.html,2026-09-17T11:17:59Z
bade9943ee01b63f,Lilac Girls,Historical Fiction,17.28,GBP,2,yes,11,https://books.toscrape.com/catalogue/lilac-girls_597/index.html,2026-09-17T11:18:00Z
469508882dfc1991,Lies and Other Acts of Love,Fiction,45.14,GBP,1,yes,11,https://books.toscrape.com/catalogue/lies-and-other-acts-of-love_596/index.html,2026-09-17T11:18:02Z
825d6c44da3ca5a6,Lab Girl,Autobiography,40.85,GBP,1,yes,11,https://books.toscrape.com/catalogue/lab-girl_595/index.html,2026-09-17T11:18:03Z
20dc4f1ac5d4fd9c,Keep Me Posted,Womens Fiction,20.46,GBP,4,yes,11,https://books.toscrape.com/catalogue/keep-me-posted_594/index.html,2026-09-17T11:18:04Z
ce8666d9b42fc9a0,It Didn't Start with You: How Inherited Family Trauma Shapes Who We Are and How to End the Cycle,Psychology,56.27,GBP,3,yes,11,https://books.toscrape.com/catalogue/it-didnt-start-with-you-how-inherited-family-trauma-shapes-who-we-are-and-how-to-end-the-cycle_593/index.html,2026-09-17T11:18:05Z
b5953ca1f8a0b8d7,Grey (Fifty Shades #4),Womens Fiction,48.49,GBP,4,yes,11,https://books.toscrape.com/catalogue/grey-fifty-shades-4_592/index.html,2026-09-17T11:18:07Z
c65c25d990fc7025,"Exit, Pursued by a Bear",Young Adult,51.34,GBP,4,yes,11,https://books.toscrape.com/catalogue/exit-pursued-by-a-bear_591/index.html,2026-09-17T11:18:08Z
f608c903c451f387,Daredevils,Fiction,16.34,GBP,3,yes,11,https://books.toscrape.com/catalogue/daredevils_590/index.html,2026-09-17T11:18:09Z
2587c54f5530dafc,Cravings: Recipes for What You Want to Eat,Food and Drink,20.5,GBP,3,yes,11,https://books.toscrape.com/catalogue/cravings-recipes-for-what-you-want-to-eat_589/index.html,2026-09-17T11:18:10Z
816180220e8cb419,Born for This: How to Find the Work You Were Meant to Do,Business,21.59,GBP,5,yes,11,https://books.toscrape.com/catalogue/born-for-this-how-to-find-the-work-you-were-meant-to-do_588/index.html,2026-09-17T11:18:11Z
2c34f9432069b52b,Arena,Science Fiction,21.36,GBP,4,yes,11,https://books.toscrape.com/catalogue/arena_587/index.html,2026-09-17T11:18:13Z
bb967277222e689c,Adultery,Default,20.88,GBP,5,yes,11,https://books.toscrape.com/catalogue/adultery_586/index.html,2026-09-17T11:18:14Z
2b69dec0193511d9,A Mother's Reckoning: Living in the Aftermath of Tragedy,Nonfiction,19.53,GBP,3,yes,11,https://books.toscrape.com/catalogue/a-mothers-reckoning-living-in-the-aftermath-of-tragedy_585/index.html,2026-09-17T11:18:15Z
40c4bf520c17de54,A Gentleman's Position (Society of Gentlemen #3),Romance,14.75,GBP,5,yes,11,https://books.toscrape.com/catalogue/a-gentlemans-position-society-of-gentlemen-3_584/index.html,2026-09-17T11:18:16Z
a9d7b75461084a26,11/22/63,Fiction,48.48,GBP,3,yes,11,https://books.toscrape.com/catalogue/112263_583/index.html,2026-09-17T11:18:18Z
34669b2e9d407d3a,"10% Happier: How I Tamed the Voice in My Head, Reduced Stress Without Losing My Edge, and Found Self-Help That Actually Works",Nonfiction,24.57,GBP,2,yes,10,https://books.toscrape.com/catalogue/10-happier-how-i-tamed-the-voice-in-my-head-reduced-stress-without-losing-my-edge-and-found-self-help-that-actually-works_582/index.html,2026-09-17T11:18:19Z
96aa539bfd4c07e2,10-Day Green Smoothie Cleanse: Lose Up to 15 Pounds in 10 Days!,Health,49.71,GBP,5,yes,10,https://books.toscrape.com/catalogue/10-day-green-smoothie-cleanse-lose-up-to-15-pounds-in-10-days_581/index.html,2026-09-17T11:18:20Z
ab60e6f5a63e1cfb,Without Shame,Add a comment,48.27,GBP,5,yes,9,https://books.toscrape.com/catalogue/without-shame_580/index.html,2026-09-17T11:18:23Z
d1848064c54e01c7,Watchmen,Add a comment,58.05,GBP,4,yes,9,https://books.toscrape.com/catalogue/watchmen_579/index.html,2026-09-17T11:18:24Z
4fd0a2a350f016e6,Unlimited Intuition Now,Default,58.87,GBP,4,yes,9,https://books.toscrape.com/catalogue/unlimited-intuition-now_578/index.html,2026-09-17T11:18:25Z
0967effecd292a86,Underlying Notes,Default,11.82,GBP,2,yes,9,https://books.toscrape.com/catalogue/underlying-notes_577/index.html,2026-09-17T11:18:27Z
903a9f8090104c2c,The Shack,Fiction,28.03,GBP,1,yes,9,https://books.toscrape.com/catalogue/the-shack_576/index.html,2026-09-17T11:18:28Z
4b50fb1359ebf35d,The New Brand You: Your New Image Makes the Sale for You,Default,44.05,GBP,5,yes,9,https://books.toscrape.com/catalogue/the-new-brand-you-your-new-image-makes-the-sale-for-you_575/index.html,2026-09-17T11:18:29Z
65cfc9f242c2984a,"The Moosewood Cookbook: Recipes from Moosewood Restaurant, Ithaca, New York",Food and Drink,12.34,GBP,4,yes,9,https://books.toscrape.com/catalogue/the-moosewood-cookbook-recipes-from-moosewood-restaurant-ithaca-new-york_574/index.html,2026-09-17T11:18:30Z
33396269bcce166f,The Flowers Lied,Default,16.68,GBP,2,yes,9,https://books.toscrape.com/catalogue/the-flowers-lied_573/index.html,2026-09-17T11:18:32Z
ca74f2e3c35a3e77,"The Fabric of the Cosmos: Space, Time, and the Texture of Reality",Science,55.91,GBP,1,yes,9,https://books.toscrape.com/catalogue/the-fabric-of-the-cosmos-space-time-and-the-texture-of-reality_572/index.html,2026-09-17T11:18:33Z
3f25a2fedae191cc,The Book of Mormon,Religion,24.57,GBP,3,yes,9,https://books.toscrape.com/catalogue/the-book-of-mormon_571/index.html,2026-09-17T11:18:34Z
f9c87ccb2bc4853b,The Art and Science of Low Carbohydrate Living,Health,52.98,GBP,5,yes,9,https://books.toscrape.com/catalogue/the-art-and-science-of-low-carbohydrate-living_570/index.html,2026-09-17T11:18:35Z
e77594ece9b9d1fe,The Alien Club,Young Adult,54.4,GBP,1,yes,9,https://books.toscrape.com/catalogue/the-alien-club_569/index.html,2026-09-17T11:18:36Z
0e095ed785af7e43,Suzie Snowflake: One beautiful flake (a self-esteem story),Novels,54.81,GBP,5,yes,9,https://books.toscrape.com/catalogue/suzie-snowflake-one-beautiful-flake-a-self-esteem-story_568/index.html,2026-09-17T11:18:37Z
913e7109cec0cb4c,Nap-a-Roo,Childrens,25.08,GBP,1,yes,9,https://books.toscrape.com/catalogue/nap-a-roo_567/index.html,2026-09-17T11:18:39Z
ee6c67859d70186b,"NaNo What Now? Finding your editing process, revising your NaNoWriMo book and building a writing career through publishing and beyond",Default,10.41,GBP,4,yes,9,https://books.toscrape.com/catalogue/nano-what-now-finding-your-editing-process-revising-your-nanowrimo-book-and-building-a-writing-career-through-publishing-and-beyond_566/index.html,2026-09-17T11:18:40Z
6baac632f7711e26,Modern Day Fables,Default,47.44,GBP,2,yes,9,https://books.toscrape.com/catalogue/modern-day-fables_565/index.html,2026-09-17T11:18:41Z
8fab4c4f6f82a4ce,If I Gave You God's Phone Number....: Searching for Spirituality in America,Spirituality,20.91,GBP,1,yes,9,https://books.toscrape.com/catalogue/if-i-gave-you-gods-phone-number-searching-for-spirituality-in-america_564/index.html,2026-09-17T11:18:42Z
97187f5cf0385da3,"Fruits Basket, Vol. 9 (Fruits Basket #9)",Sequential Art,33.95,GBP,4,yes,9,https://books.toscrape.com/catalogue/fruits-basket-vol-9-fruits-basket-9_563/index.html,2026-09-17T11:18:44Z
7e9068872228c474,Dress Your Family in Corduroy and Denim,Humor,43.68,GBP,3,yes,9,https://books.toscrape.com/catalogue/dress-your-family-in-corduroy-and-denim_562/index.html,2026-09-17T11:18:45Z
e845d305f64154f1,Don't Forget Steven,Young Adult,33.23,GBP,1,yes,9,https://books.toscrape.com/catalogue/dont-forget-steven_561/index.html,2026-09-17T11:18:46Z
7186241e043de5dc,Chernobyl 01:23:40: The Incredible True Story of the World's Worst Nuclear Disaster,Nonfiction,35.92,GBP,2,yes,9,https://books.toscrape.com/catalogue/chernobyl-012340-the-incredible-true-story-of-the-worlds-worst-nuclear-disaster_560/index.html,2026-09-17T11:18:49Z
d6d9ffea95f2f8bf,Art and Fear: Observations on the Perils (and Rewards) of Artmaking,Art,48.63,GBP,4,yes,9,https://books.toscrape.com/catalogue/art-and-fear-observations-on-the-perils-and-rewards-of-artmaking_559/index.html,2026-09-17T11:18:50Z
63d5f1651880dcea,A Shard of Ice (The Black Symphony Saga #1),Fantasy,56.63,GBP,3,yes,9,https://books.toscrape.com/catalogue/a-shard-of-ice-the-black-symphony-saga-1_558/index.html,2026-09-17T11:18:51Z
c181ca8eabe7d18c,A Hero's Curse (The Unseen Chronicles #1),Add a comment,50.49,GBP,3,yes,9,https://books.toscrape.com/catalogue/a-heros-curse-the-unseen-chronicles-1_557/index.html,2026-09-17T11:18:53Z
61cf7eb9d2cd8bb0,23 Degrees South: A Tropical Tale of Changing Whether...,Add a comment,35.79,GBP,2,yes,9,https://books.toscrape.com/catalogue/23-degrees-south-a-tropical-tale-of-changing-whether_556/index.html,2026-09-17T11:18:54Z
e77033ce559947f7,"Zero to One: Notes on Startups, or How to Build the Future",Nonfiction,34.06,GBP,3,yes,8,https://books.toscrape.com/catalogue/zero-to-one-notes-on-startups-or-how-to-build-the-future_555/index.html,2026-09-17T11:18:55Z
04f6c929888f4f11,Why Not Me?,Nonfiction,17.76,GBP,1,yes,8,https://books.toscrape.com/catalogue/why-not-me_554/index.html,2026-09-17T11:18:56Z
b69c852e7e3956af,When Breath Becomes Air,Nonfiction,39.36,GBP,2,yes,8,https://books.toscrape.com/catalogue/when-breath-becomes-air_553/index.html,2026-09-17T11:18:58Z
1809259a5a5f1d8d,Vagabonding: An Uncommon Guide to the Art of Long-Term World Travel,Travel,36.94,GBP,2,yes,8,https://books.toscrape.com/catalogue/vagabonding-an-uncommon-guide-to-the-art-of-long-term-world-travel_552/index.html,2026-09-17T11:18:59Z
e0bdd79c7304ee8d,The Unlikely Pilgrimage of Harold Fry (Harold Fry #1),Default,43.62,GBP,5,yes,8,https://books.toscrape.com/catalogue/the-unlikely-pilgrimage-of-harold-fry-harold-fry-1_551/index.html,2026-09-17T11:19:00Z
3eec766dda26fa64,The New Drawing on the Right Side of the Brain,Art,43.02,GBP,3,yes,8,https://books.toscrape.com/catalogue/the-new-drawing-on-the-right-side-of-the-brain_550/index.html,2026-09-17T11:19:02Z
5a0d2e9284004266,"The Midnight Assassin: Panic, Scandal, and the Hunt for America's First Serial Killer",Nonfiction,28.45,GBP,4,yes,8,https://books.toscrape.com/catalogue/the-midnight-assassin-panic-scandal-and-the-hunt-for-americas-first-serial-killer_549/index.html,2026-09-17T11:19:03Z
9afd00e81d6208e6,The Martian (The Martian #1),Default,41.39,GBP,2,yes,8,https://books.toscrape.com/catalogue/the-martian-the-martian-1_548/index.html,2026-09-17T11:19:04Z
4f283dfcbeccc0d4,The High Mountains of Portugal,Fiction,51.15,GBP,1,yes,8,https://books.toscrape.com/catalogue/the-high-mountains-of-portugal_547/index.html,2026-09-17T11:19:05Z
1bba4b1ba23ed2d6,The Grownup,Short Stories,35.88,GBP,1,yes,8,https://books.toscrape.com/catalogue/the-grownup_546/index.html,2026-09-17T11:19:07Z
a2308a936e898d48,The E-Myth Revisited: Why Most Small Businesses Don't Work and What to Do About It,Business,36.91,GBP,1,yes,8,https://books.toscrape.com/catalogue/the-e-myth-revisited-why-most-small-businesses-dont-work-and-what-to-do-about-it_545/index.html,2026-09-17T11:19:08Z
331c26103d885cae,South of Sunshine,Young Adult,28.93,GBP,1,yes,8,https://books.toscrape.com/catalogue/south-of-sunshine_544/index.html,2026-09-17T11:19:09Z
a2475a245c9907c4,Smarter Faster Better: The Secrets of Being Productive in Life and Business,Nonfiction,38.89,GBP,5,yes,8,https://books.toscrape.com/catalogue/smarter-faster-better-the-secrets-of-being-productive-in-life-and-business_543/index.html,2026-09-17T11:19:10Z
e46a164cf310fd7d,Silence in the Dark (Logan Point #4),Suspense,58.33,GBP,3,yes,8,https://books.toscrape.com/catalogue/silence-in-the-dark-logan-point-4_542/index.html,2026-09-17T11:19:11Z
bee6e93e9976f4fa,Shadows of the Past (Logan Point #1),Christian Fiction,39.67,GBP,5,yes,8,https://books.toscrape.com/catalogue/shadows-of-the-past-logan-point-1_541/index.html,2026-09-17T11:19:12Z
aeb51dfbe8aeec59,Roller Girl,Sequential Art,14.1,GBP,5,yes,8,https://books.toscrape.com/catalogue/roller-girl_540/index.html,2026-09-17T11:19:15Z
52fc458ffc756faf,Rising Strong,Nonfiction,21.82,GBP,3,yes,8,https://books.toscrape.com/catalogue/rising-strong_539/index.html,2026-09-17T11:19:16Z
d56d0710668bb39c,Proofs of God: Classical Arguments from Tertullian to Barth,Philosophy,54.21,GBP,1,yes,8,https://books.toscrape.com/catalogue/proofs-of-god-classical-arguments-from-tertullian-to-barth_538/index.html,2026-09-17T11:19:18Z
4a823d80aa30dbb0,Please Kill Me: The Uncensored Oral History of Punk,Music,31.19,GBP,4,yes,8,https://books.toscrape.com/catalogue/please-kill-me-the-uncensored-oral-history-of-punk_537/index.html,2026-09-17T11:19:19Z
c0fc0cd215ee1724,Out of Print: City Lights Spotlight No. 14,Poetry,53.64,GBP,5,yes,8,https://books.toscrape.com/catalogue/out-of-print-city-lights-spotlight-no-14_536/index.html,2026-09-17T11:19:20Z
9a7291b89bd5445c,My Life Next Door (My Life Next Door ),Young Adult,36.39,GBP,5,yes,8,https://books.toscrape.com/catalogue/my-life-next-door-my-life-next-door_535/index.html,2026-09-17T11:19:21Z
bff270fe9c86a5a9,Miller's Valley,Fiction,58.54,GBP,2,yes,8,https://books.toscrape.com/catalogue/millers-valley_534/index.html,2026-09-17T11:19:23Z
4729afff3bea0f0a,Man's Search for Meaning,Nonfiction,29.48,GBP,3,yes,8,https://books.toscrape.com/catalogue/mans-search-for-meaning_533/index.html,2026-09-17T11:19:24Z
4d3a4c7b442a9a4e,"Love That Boy: What Two Presidents, Eight Road Trips, and My Son Taught Me About a Parent's Expectations",Nonfiction,25.06,GBP,2,yes,8,https://books.toscrape.com/catalogue/love-that-boy-what-two-presidents-eight-road-trips-and-my-son-taught-me-about-a-parents-expectations_532/index.html,2026-09-17T11:19:25Z
044534b0b28b4e87,Living Forward: A Proven Plan to Stop Drifting and Get the Life You Want,Nonfiction,12.55,GBP,3,yes,8,https://books.toscrape.com/catalogue/living-forward-a-proven-plan-to-stop-drifting-and-get-the-life-you-want_531/index.html,2026-09-17T11:19:27Z
c44c5e1425475206,Les Fleurs du Mal,Poetry,29.04,GBP,5,yes,8,https://books.toscrape.com/catalogue/les-fleurs-du-mal_530/index.html,2026-09-17T11:19:28Z
29af1a2566c4e36e,Left Behind (Left Behind #1),Default,40.72,GBP,2,yes,8,https://books.toscrape.com/catalogue/left-behind-left-behind-1_529/index.html,2026-09-17T11:19:29Z
39eefec3a8498dde,Kill 'Em and Leave: Searching for James Brown and the American Soul,Music,45.05,GBP,5,yes,8,https://books.toscrape.com/catalogue/kill-em-and-leave-searching-for-james-brown-and-the-american-soul_528/index.html,2026-09-17T11:19:31Z
0cf57cb49272fd37,Kierkegaard: A Christian Missionary to Christians,Philosophy,47.13,GBP,1,yes,8,https://books.toscrape.com/catalogue/kierkegaard-a-christian-missionary-to-christians_527/index.html,2026-09-17T11:19:32Z
bd26e8a79a856c31,John Vassos: Industrial Design for Modern Life,Default,20.22,GBP,4,yes,8,https://books.toscrape.com/catalogue/john-vassos-industrial-design-for-modern-life_526/index.html,2026-09-17T11:19:33Z
0ab4b35dcffcffd1,I'll Give You the Sun,Default,56.48,GBP,1,yes,8,https://books.toscrape.com/catalogue/ill-give-you-the-sun_525/index.html,2026-09-17T11:19:35Z
bbf1ea50be8008ab,I Will Find You,Nonfiction,44.21,GBP,1,yes,8,https://books.toscrape.com/catalogue/i-will-find-you_524/index.html,2026-09-17T11:19:36Z
0bfdef63285d3019,Hystopia: A Novel,Fiction,21.96,GBP,4,yes,8,https://books.toscrape.com/catalogue/hystopia-a-novel_523/index.html,2026-09-17T11:19:37Z
b7870fa6dc088fbb,Howl and Other Poems,Poetry,40.45,GBP,2,yes,8,https://books.toscrape.com/catalogue/howl-and-other-poems_522/index.html,2026-09-17T11:19:39Z
8a150fd8ff5d7686,History of Beauty,Art,10.29,GBP,4,yes,8,https://books.toscrape.com/catalogue/history-of-beauty_521/index.html,2026-09-17T11:19:40Z
d48c1369927ebef1,Heaven is for Real: A Little Boy's Astounding Story of His Trip to Heaven and Back,Default,52.86,GBP,2,yes,8,https://books.toscrape.com/catalogue/heaven-is-for-real-a-little-boys-astounding-story-of-his-trip-to-heaven-and-back_520/index.html,2026-09-17T11:19:43Z
df6a7c43faa6732b,Future Shock (Future Shock #1),Young Adult,55.65,GBP,5,yes,8,https://books.toscrape.com/catalogue/future-shock-future-shock-1_519/index.html,2026-09-17T11:19:44Z
e049d44c4f1cf1b2,Ender's Game (The Ender Quintet #1),Default,43.64,GBP,1,yes,8,https://books.toscrape.com/catalogue/enders-game-the-ender-quintet-1_518/index.html,2026-09-17T11:19:46Z
0c11e2d068768dbb,Diary of a Citizen Scientist: Chasing Tiger Beetles and Other New Ways of Engaging the World,Science,28.41,GBP,1,yes,8,https://books.toscrape.com/catalogue/diary-of-a-citizen-scientist-chasing-tiger-beetles-and-other-new-ways-of-engaging-the-world_517/index.html,2026-09-17T11:19:47Z
4dbd54d9e36c9566,Death by Leisure: A Cautionary Tale,Default,37.51,GBP,4,yes,8,https://books.toscrape.com/catalogue/death-by-leisure-a-cautionary-tale_516/index.html,2026-09-17T11:19:48Z
7f5157bf53065d36,Brilliant Beacons: A History of the American Lighthouse,History,11.45,GBP,3,yes,8,https://books.toscrape.com/catalogue/brilliant-beacons-a-history-of-the-american-lighthouse_515/index.html,2026-09-17T11:19:50Z
77e9ea355bd8ae57,Brazen: The Courage to Find the You That's Been Hiding,Nonfiction,19.22,GBP,2,yes,8,https://books.toscrape.com/catalogue/brazen-the-courage-to-find-the-you-thats-been-hiding_514/index.html,2026-09-17T11:19:51Z
04e3de7ac35ec5cd,Between the World and Me,Nonfiction,56.91,GBP,4,yes,8,https://books.toscrape.com/catalogue/between-the-world-and-me_513/index.html,2026-09-17T11:19:52Z
15ebd83e53d0391b,Being Mortal: Medicine and What Matters in the End,Nonfiction,55.06,GBP,4,yes,8,https://books.toscrape.com/catalogue/being-mortal-medicine-and-what-matters-in-the-end_512/index.html,2026-09-17T11:19:53Z
fef91502cbacf23a,"A Murder Over a Girl: Justice, Gender, Junior High",Nonfiction,13.2,GBP,3,yes,8,https://books.toscrape.com/catalogue/a-murder-over-a-girl-justice-gender-junior-high_511/index.html,2026-09-17T11:19:55Z
b1a227b7609ff263,32 Yolks,Food and Drink,53.63,GBP,2,yes,8,https://books.toscrape.com/catalogue/32-yolks_510/index.html,2026-09-17T11:19:56Z
f16c2edb2a603f92,"""Most Blessed of the Patriarchs"": Thomas Jefferson and the Empire of the Imagination",History,44.48,GBP,5,yes,8,https://books.toscrape.com/catalogue/most-blessed-of-the-patriarchs-thomas-jefferson-and-the-empire-of-the-imagination_509/index.html,2026-09-17T11:19:57Z
88ec621893e595d0,You Are a Badass: How to Stop Doubting Your Greatness and Start Living an Awesome Life,Self Help,12.08,GBP,3,yes,7,https://books.toscrape.com/catalogue/you-are-a-badass-how-to-stop-doubting-your-greatness-and-start-living-an-awesome-life_508/index.html,2026-09-17T11:19:59Z
b46d022080543144,Wildlife of New York: A Five-Borough Coloring Book,Default,22.14,GBP,2,yes,7,https://books.toscrape.com/catalogue/wildlife-of-new-york-a-five-borough-coloring-book_507/index.html,2026-09-17T11:20:00Z
9735c969c652dd89,What Happened on Beale Street (Secrets of the South Mysteries #2),Mystery,25.37,GBP,5,yes,7,https://books.toscrape.com/catalogue/what-happened-on-beale-street-secrets-of-the-south-mysteries-2_506/index.html,2026-09-17T11:20:01Z
48cb52d78c992487,Unreasonable Hope: Finding Faith in the God Who Brings Purpose to Your Pain,Spirituality,46.33,GBP,2,yes,7,https://books.toscrape.com/catalogue/unreasonable-hope-finding-faith-in-the-god-who-brings-purpose-to-your-pain_505/index.html,2026-09-17T11:20:03Z
a94350ee74deaa07,Under the Tuscan Sun,Travel,37.33,GBP,3,yes,7,https://books.toscrape.com/catalogue/under-the-tuscan-sun_504/index.html,2026-09-17T11:20:04Z
4242cc3d0437db12,Toddlers Are A**holes: It's Not Your Fault,Humor,25.55,GBP,1,yes,7,https://books.toscrape.com/catalogue/toddlers-are-aholes-its-not-your-fault_503/index.html,2026-09-17T11:20:05Z
4a0b78598b42897a,The Year of Living Biblically: One Man's Humble Quest to Follow the Bible as Literally as Possible,Default,34.72,GBP,1,yes,7,https://books.toscrape.com/catalogue/the-year-of-living-biblically-one-mans-humble-quest-to-follow-the-bible-as-literally-as-possible_502/index.html,2026-09-17T11:20:07Z
0ff9d10864db8364,The Whale,Childrens,35.96,GBP,4,yes,7,https://books.toscrape.com/catalogue/the-whale_501/index.html,2026-09-17T11:20:08Z
